-81.789,218.69,18.405
-49.722,323.36,78.727
-68.547,267.69,74.153
-62.944,240.69,54.566
-126.21,165.95,33.413
-142.78,31.076,-16.597
-98.156,220.71,17.303
-48.368,340.9,51.347
-70.569,205.79,50.139
-110.48,251.97,50.447
-130.15,74.005,32.825
-102.87,60.638,-10.085
-130.95,100.68,33.98
-111.06,249.51,45.767
-84.022,367.63,84.923
-84.324,313.21,38.27
-111.34,167.47,53.694
-56.896,267.76,56.5
-108.61,37.827,-16.486
-55.96,356.2,95.275
-139.51,65.828,-6.2686
-121.76,26.93,26.581
-128.14,51.997,-18.344
-66.362,254.59,32.235
-55.158,286.56,46.569
-131.2,96.613,33.611
-147.7,45.883,4.8029
-143.18,62.493,17.06
-111.62,147.88,50.911
-78.374,371.74,92.032
-76.265,301.67,33.661
-118.6,45.839,-19.933
-49.101,310.5,55.184
-45.961,352.41,53.805
-126.74,158.4,35.536
-89.857,355.21,71.996
-63.615,231.52,45.858
-117.92,118.76,44.387
-86.431,324.66,43.28
-143.04,65.516,16.631
-66.563,236.03,59.591
-65.639,328.63,90.272
-84.325,152.95,11.672
-136.23,79.544,-4.5381
-44.541,331.15,72.098
-111.41,201.51,56.564
-76.482,227.12,22.245
-95.405,324.45,56.23
-33.198,394.08,68.939
-123.71,42.056,29.89
-58.496,258.82,53.335
-115.11,174.77,11.67
-95.655,72.003,23.838
-69.273,216.53,53.833
-71.475,393.11,57.273
-105.43,147.58,52.126
-62.413,291.61,37.067
-70.263,411.71,63.33
-124.33,110.75,40.145
-90.631,342.66,57.112
-110.93,139.7,49.811
-98.806,267.51,70.666
-75.952,372.66,94.168
-121.25,167.48,14.932
-41.555,344.54,64.806
-91.286,312.65,42.785
-121.33,134.94,2.5741
-99.564,33.216,8.021
-90.377,255.53,74.063
-45.371,326.41,60.611
-89.07,288.32,32.906
-97.346,205.1,13.362
-94.668,280.32,33.453
-96.851,297.62,42.506
-104.8,277.57,59.793
-78.969,181.86,51.3
-89.804,91.208,9.753
-68.784,212.78,32.19
-100.84,186.58,9.4631
-71.225,248.75,69.522
-34.385,389.99,67.379
-123,98.634,39.514
-54.855,281.01,62.187
-59.083,373.12,48.946
-81.467,208.35,62.502
-101.69,292.87,63.386
-41.461,367.07,89.158
-106.81,242.88,30.101
-46.955,340.65,83.518
-108.5,135.23,49.44
-96.2,134.26,47.425
-82.864,279.64,29.081
-117.29,49.925,-18.949
-119.29,201.41,43.228
-74.958,289.94,31.468
-70.645,239.9,27.643
-81.202,155.67,42.368
-87.286,268.65,76.982
-61.936,248.17,57.415
-104.73,226.31,63.544
-134.24,60.482,-13.263
-49.492,351.63,90.597
-119.93,49.767,31.549
-101.36,260.29,31.488
-86.117,175.01,11.193
-125.66,77.491,35.517
-104.12,24.625,-11.513
-67.42,212,38.265
-64.576,316.89,38.443
-124.45,176.69,34.043
-57.161,269.98,60.335
-44.278,398.82,103.3
-55.798,318.02,43.738
-126.68,156.54,18.957
-87.444,149.4,8.3538
-67.913,229.19,58.239
-58.704,341.75,92.127
-95.062,61.231,15.255
-106.05,37.517,22.316
-129.62,127.81,8.3201
-101.25,293.1,48.171
-135.64,52.862,27.127
-69.606,401.02,58.806
-82.043,223.9,67.176
-56.121,352.84,94.392
-90.463,281.62,77.534
-114.81,16.637,21.688
-141.68,50.342,21.021
-136.13,111.93,20.373
-115.73,224.75,42.795
-135.42,111.56,11.543
-84.571,367.03,60.209
-86.27,366.76,63.939
-68.647,325.67,38.917
-98.436,248.98,69.705
-74.924,380.87,95.351
-98.455,285.98,71.035
-96.243,143.72,2.2344
-98.353,67.988,26.01
-107.08,114.58,45.124
-37.282,378.73,63.961
-70.846,223.97,27.269
-131.06,51.655,29.674
-135.4,94.029,28.328
-136.45,21.212,23.147
-102.69,24.842,11.81
-107.25,82.49,37.184
-56.383,273.4,60.677
-75.852,279.43,79.885
-87.945,220.06,16.75
-75.642,404.04,93.914
-130.92,137.82,29.443
-58.301,363.21,47.311
-47.093,351.39,88.472
-97.243,69.225,25.038
-53.123,285.83,58.051
-135.88,95.895,27.316
-122.22,175.89,42.76
-117.8,53.576,-18.392
-104.21,182.66,58.595
-117.89,40.585,29.224
-103.94,142.12,0.058204
-67.001,296.04,34.737
-33.111,385.11,73.172
-45.217,372.89,54.709
-88.248,343.01,52.948
-118.49,45.353,30.445
-40.592,356.91,61.95
-57.068,319.42,28.845
-76.242,193.95,18.056
-138,67.623,10.916
-93.24,274.81,58.044
-71.063,225.97,18.239
-102.39,243.7,50.236
-94.292,94.992,-6.6364
-70.113,279.57,55.639
-99.713,140.03,28.315
-113.6,265.84,32.818
-89.993,196.7,40.548
-92.494,104.7,1.3063
-67.641,244.23,34.286
-146.81,64.864,-23.941
-109.51,192.5,-8.3452
-83.8,329.34,69.072
-106.44,202.57,-6.5291
-33.862,407.45,64.963
-93.758,273.43,57.672
-100.56,117.18,21.578
-91.138,340.48,28.605
-90.377,121,-4.7363
-86.922,185.81,35.155
-135.11,139.6,13.685
-71.777,400.74,36.902
-55.823,392.99,83.705
-96.687,99.376,10.175
-97.958,141.54,-15.788
-103.16,42.577,-14.494
-84.314,152.6,14.14
-100.66,81.416,7.6646
-117.77,120.99,26.463
-128.22,167.69,-2.8722
-61.466,346.29,26.068
-67.192,247.13,35.304
-100.09,192.2,-9.155
-98.53,282.97,13.32
-141.99,50.376,-34.931
-97.613,92.002,7.9445
-129.59,82.715,17.09
-64.704,326.12,22.266
-150.46,53.986,-22.343
-64.685,281.64,51.183
-142.63,105.57,1.3341
-136.83,94.437,-23.738
-146.75,42.279,1.7706
-77.311,347.86,73.857
-47.746,355.83,39.489
-41.7,377.21,47.526
-122.53,192.51,30.468
-53.952,310.34,41.403
-114.4,145.56,-18.973
-124.25,109.51,22.955
-137.42,112.82,12.908
-103.31,60.23,1.5162
-66.916,261.22,44.205
-129.71,165.72,-1.2065
-131.03,115.04,-21.118
-142.17,109.64,-4.3561
-79.695,417.34,50.795
-52.527,335,60.477
-130.42,155.62,20.802
-87.733,169.96,-5.5121
-98.762,328.05,55.234
-131.83,56.017,-37.594
-143.16,74.405,-24.919
-122.46,184.29,30.757
-91.553,168.23,32.499
-37.004,394.5,54.98
-146.4,86.099,-7.9473
-107.28,185.91,-10.433
-137.46,135.83,5.9815
-99.02,164.37,34.893
-64.484,417.45,39.14
-92.238,287.22,60.168
-105.93,235.99,2.5384
-89.249,345.91,29.064
-94.706,108.27,11.344
-100.95,60.338,-4.2745
-103.42,281.55,16.592
-95.559,135.28,-14.381
-108.35,288.75,29.05
-90.312,168.99,31.862
-106.45,302.63,37.646
-95.068,150.71,29.027
-79.104,178.26,13.64
-122.08,220.61,19.06
-94.127,212.53,45.883
-87.283,366.72,35.801
-96.605,213.84,-4.634
-75.6,369.94,77.589
-50.47,327.62,44.382
-47.601,355.9,39.751
-101.24,286.08,54.44
-122.26,211.81,10.726
-98.304,86.525,-16.765
-113.43,241.2,10.71
-94.569,190.12,-8.2176
-125.94,140.73,25.699
-99.579,294.49,18.134
-100.49,146.53,-16.614
-108.33,281.87,23.792
-135.67,136.63,13.01
-132.64,163.21,9.6666
-90.252,293.04,12.814
-119.69,88.766,19.959
-144.14,43.537,4.3018
-59.499,302.2,26.762
-73.45,408.66,82.538
-137.07,113.44,-15.682
-60.766,404.47,35.618
-110.03,284.53,35.614
-88.229,260.12,56.142
-57.942,417.05,38.289
-81.669,190.17,31.436
-124.58,58.67,-37.4
-55.855,390.33,83.02
-92.477,348.26,63.183
-93.546,308.85,61.799
-140.49,112.07,6.6552
-97.204,242.16,51.756
-105.42,177.81,38.691
-89.65,345.53,29.267
-83.827,178.42,-0.77982
-78.646,205.77,34.502
-135.39,44.117,9.2496
-76.479,215.47,36.007
-89.272,123.3,6.0929
-80.067,187.72,4.6993
-48.404,361.68,37.729
-107.86,118.63,-23.442
-138.4,67.817,10.653
-54.696,309.68,47.727
-95.078,123.98,19.221
-124.36,63.609,14.652
-116.74,220.68,37.27
-79.921,368.26,30.652
-97.585,345.96,49.913
-116.97,205.62,-0.1395
-36.651,408.95,50.717
-143.96,45.918,-34.975
-125.14,119.94,24.04
-115.58,24.885,1.37
-89.599,228.81,49.084
-89.943,381.39,50.973
-132.61,33.275,8.0322
-77.928,270.27,9.3925
-74.293,387.47,33.974
-93.79,246.86,53.17
-98.163,80.421,2.1973
-102.24,62.238,0.54586
-115.93,167.69,-12.97
-143.75,89.072,3.9042
-40.094,378.97,61.106
-134.4,74.094,-31.959
-72.596,217.14,16.823
-40.684,386.94,69.698
-112.87,63.881,12.076
-83.188,159.21,15.852
-130.83,114.36,-21.483
-115.98,249.13,33.993
-76.641,340,22.04
-93.455,108.25,8.6391
-106.47,254.85,48.587
-113.48,82.18,17.465
-152.17,36.97,-28.635
-92.022,153.85,27.823
-74.723,393.37,36.01
-78.815,363.39,7.3035
-42.903,400.1,31.994
-85.31,311.44,-3.927
-140.96,75.584,-50.872
-86.917,389.82,19.481
-99.937,194.42,21.612
-117.89,58.376,-9.7659
-123.41,244.52,6.2621
-89.495,179.46,9.6312
-128.76,215.33,-1.3164
-97.365,195.78,-26.114
-140.47,142.08,-6.0142
-85.413,203.98,-16.023
-144.56,81.425,-46.448
-98.279,267.83,-12.887
-137.88,133.96,-32.71
-96.35,190.43,19.184
-154.2,55.119,-45.584
-59.476,337.39,12.394
-51.226,363.88,22.606
-103.11,95.032,-10.543
-102.61,347.71,23.288
-103.33,217.15,27.2
-134.19,109.47,1.2114
-72.639,404.77,65.664
-87.171,179.05,5.6497
-147.88,56.672,-13.069
-106.98,136.58,-38.089
-111.69,123.11,6.2236
-112.89,173.04,-33.172
-75.364,274.81,-4.6277
-95.514,374.36,43.97
-156.27,49.506,-24.52
-124.28,59.458,-55.906
-127.72,205.57,-13.422
-106.03,283.85,35.345
-99.703,364.05,32.338
-73.695,279.37,33.976
-96.393,286.01,-8.7405
-94.888,185.11,-25.854
-81.339,368.31,57.561
-73.638,297.84,-2.0056
-41.198,410.55,54.163
-109.1,164.24,-34.637
-92.678,397.63,39.405
-105.23,103.2,-4.1367
-102.3,129.3,-35.495
-59.475,322.96,35.689
-79.379,407.28,62.516
-91.766,243.61,-17.204
-51.677,384.97,55.96
-122.98,221.85,16.6
-82.41,365.82,56.819
-63.622,406.66,67.352
-128.49,147.58,8.5882
-129.46,48.863,-58.984
-118.17,161.02,-35.411
-50.657,356.7,37.157
-132.79,188.3,-12.268
-59.79,326.46,38.392
-98.066,214.15,26.17
-121.35,61.031,-7.3081
-134.46,179.04,-0.29316
-78.418,269.47,-7.4485
-91.786,142.39,-18.418
-102.82,313.51,3.5053
-89.004,287.14,-9.0162
-130.62,203.12,2.4483
-85.037,400.85,57.315
-115.41,118.51,-43.866
-103.1,270.21,35.975
-123.64,161.11,12.771
-76.142,260.72,28.864
-92.229,364.37,50.059
-111.11,200.02,22.931
-141.57,137.19,-7.6885
-105.99,309.07,35.379
-130.47,86.667,-51.231
-120.7,223.7,19.492
-77.431,349.83,4.2079
-85.724,180.13,-13.334
-59.098,406.96,17.332
-137.99,46.935,-59.503
-124.43,165.57,-32.181
-48.766,373.55,45.925
-75.916,283.94,37.37
-91.823,400.08,35.133
-105.87,293.57,-1.564
-69.446,360.36,57.149
-61.106,341.33,10.386
-137.11,106.17,-0.94646
-89.562,189.58,-20.911
-63.05,352.68,9.2542
-102.75,229.28,-21.293
-89.406,179.6,-20.556
-110.14,131.81,-40.124
-74.918,368.51,8.1632
-119.84,154.51,-36.702
-92.247,341.78,49.182
-61.088,371.74,57.688
-81.016,225.68,19.393
-113.79,202.87,-25.839
-125.43,168.6,-30.692
-148.87,92.319,-35.612
-131.32,91.45,-0.15119
-98.492,102.26,-23.423
-133.64,134.62,3.8361
-131.15,62.724,-5.3966
-88.647,396.18,52.92
-135.13,161.55,2.013
-110.72,242,28.823
-144.93,83.594,-45.305
-92.128,142.8,-6.1915
-113.09,170.52,17.264
-43.928,398.98,52.362
-63.418,368.7,10.588
-134.77,182.4,-5.0121
-103.14,93.28,-35.929
-85.92,272.67,-10.96
-71.409,409.75,17.557
-138.46,74.296,-5.2465
-53.955,364.66,49.496
-122.04,91.067,-50.055
-144.81,113.28,-10.155
-105.99,311.34,35.208
-139.39,46.307,-59.403
-98.512,369.19,35.331
-126.45,228.11,2.1034
-129.9,209.39,-1.5864
-145.54,75.833,-47.611
-116.31,201.64,-25.283
-114.33,72.053,-7.6541
-89.417,272.74,38.886
-70.336,402.24,15.495
-50.141,377.16,22.372
-106.89,326.85,28.725
-56.888,360.62,50.902
-90.55,406.62,37.151
-113.97,281.42,25.184
-96.294,140.63,1.1227
-102.39,82.43,-20.975
-91.884,140.12,-10.258
-113.13,194.72,21.54
-154.9,64.726,-24.948
-86.523,258.08,-13.253
-71.784,250.97,4.9368
-53.917,400.55,63.239
-104.63,218.31,-23.615
-121.34,157.43,-35.632
-93.403,393.28,34.75
-131.31,49.804,-8.0936
-100.83,325.4,41.184
-84.957,391.09,57.341
-59.064,329.98,13.807
-157.1,55.057,-36.984
-87.33,302.37,-5.8526
-141.48,143.66,-18.939
-105.92,311.29,6.1607
-45.005,386.2,45.562
-81.35,328.86,-0.22198
-121.24,255.74,10.605
-147.59,100.83,-14.103
-77.444,389.25,13.683
-153.58,73.453,-35.211
-39.572,408.79,39.501
-92.605,357.53,49.652
-91.849,171.28,-23.553
-73.24,249.26,18.287
-71.661,199.87,98.846
-18.569,304.22,142.61
-30.912,246.58,141.75
-36.405,222.3,118.86
-91.771,139.46,129.28
-123.65,7.3651,79.27
-85.192,199.14,108.31
-36.308,323.52,123.32
-41.892,186.98,114.57
-76.777,225.58,146.5
-86.787,48.433,116.68
-91.409,42.786,64.619
-89.119,74.441,122.29
-79.933,223.37,142.83
-45.244,341.49,175.37
-69.786,291.04,130.76
-67.688,142.14,136.17
-32.988,249.82,120.95
-97.781,19.808,59.551
-16.008,334.35,164.45
-117.81,41.402,90.78
-79.92,3.9933,99.264
-115.34,30.542,72.279
-54.332,236.87,105.83
-39.593,269.25,115.16
-89.172,70.429,121.51
-115.38,19.661,101.22
-105.71,35.946,110.59
-67.861,123.01,131.08
-36.792,346.03,178.09
-65.394,281.38,120.43
-108.4,26.215,64.246
-31.69,293.24,121.93
-33.955,335.08,125.58
-90.16,131.8,130.06
-56.735,329.15,166.95
-41.552,213.75,111.07
-74.165,93.746,125.26
-69.317,301.61,137.74
-106.14,38.972,110.65
-35.625,216.77,124.24
-24.113,305.93,162.12
-71.843,135.25,84.769
-115.44,55.33,92.289
-19.436,313.2,135.53
-69.044,175.4,143.82
-65.916,208.8,99.915
-68.109,299.02,153.24
-18.395,377.21,136.11
-80.732,18.312,105.41
-35.395,240.96,118.06
-97.636,151.47,107.02
-65.576,52.931,88.322
-39.553,197.52,118.34
-55.224,370.53,150.29
-62.281,123.7,128.19
-51.627,273.62,113.02
-52.183,388.61,157.19
-81.054,85.066,124.62
-65.528,317.68,153.89
-67.271,115.16,128.51
-56.48,241.5,157.51
-33.663,347.2,178.41
-99.676,143.04,112.16
-22.926,327.36,130.17
-72.285,289.01,138.43
-104.52,111.85,97.471
-74.982,15.184,72.303
-46.737,230.93,153.1
-26.853,309.17,126.38
-74.549,266.13,125.56
-85.613,184.2,102.29
-77.803,257.27,128.14
-75.39,273.31,139.23
-68.859,251.09,154.33
-45.473,161.95,116.81
-71.645,73.745,76.86
-52.415,195.36,100.66
-89.071,165.65,98.468
-34.159,227.82,136.8
-19.917,373.09,134.98
-79.315,73.418,121.4
-29.051,262.81,126.21
-49.041,353.53,133.1
-42.794,186.82,131.22
-65.591,266.42,157.63
-9.6284,347.91,152.57
-85.874,218.62,127.03
-15.002,321.37,147.37
-65.213,111.21,126.03
-56.88,112.47,116.8
-71.359,258.9,117.43
-107.14,30.391,64.854
-83.502,174.84,138.28
-64.688,270.22,116.08
-59.184,222,102.56
-50.414,136.42,107.11
-43.713,244.16,155.55
-34.521,229.63,121.64
-61.764,200.45,149.08
-117.64,37.508,81.291
-13.524,331.26,156.15
-77.477,26.425,105.62
-82.384,236.56,127.53
-75.544,156.67,88.983
-81.947,52.444,116.58
-89.976,7.2631,58.572
-47.476,194.41,104.41
-54.744,298.01,119.41
-90.997,150.28,130.39
-30.989,251.69,124.44
-5.8319,377.7,170.28
-44.737,300.26,118.33
-100.35,131.09,116.86
-76.013,131.46,83.54
-36.892,209.9,122.93
-18.785,319.88,161.4
-69.52,43.012,79.597
-71.423,17.357,88.038
-106.67,103.06,105.87
-74.827,267.74,145.6
-92.681,27.09,112.27
-53.539,378.51,151.59
-41.726,201.7,137.66
-16.379,331.07,163.33
-47.008,256.33,159.97
-76.68,-4.6195,89.596
-100.95,23.99,110.83
-102.69,85.535,116.68
-83.148,198.44,139.46
-107.65,85.873,109.34
-61.124,342.46,156.44
-60.073,341.66,160.33
-58.396,305.92,123.65
-55.104,223.4,153.6
-32.875,355.36,180
-57.663,259.69,160.5
-86.138,124.78,83.27
-65.932,48.38,91.02
-64.942,91.426,118.55
-23.276,361.76,132.32
-58.12,206.34,99.872
-87.427,26.514,111.26
-95.498,67.526,119.57
-92.917,-3.9012,104.67
-74.254,6.1672,75.825
-67.122,60.381,107.42
-30.485,255.17,124.77
-34.035,256.51,152.52
-77.584,200.28,101.54
-36.448,378.12,182.99
-95.337,111.27,124.63
-48.558,344.03,129.79
-12.981,331.58,153
-65.797,49.849,89.783
-30.748,268.12,122.71
-96.68,69.345,119.38
-83.727,149.29,135.66
-107.52,33.856,66.175
-60.487,157.95,138.02
-76.521,17.9,101.11
-93.309,122.04,86.03
-57.041,277.34,114.72
-14.852,368.13,137.92
-34.683,355.28,129.06
-66.33,318.7,149.26
-76.652,22.405,103.18
-25.103,339.87,129.33
-55.194,302.42,107.78
-65.331,176.51,91.27
-106.03,42.279,103.48
-60.764,250.46,145.47
-64.136,208.86,93.315
-69.9,218.84,140.08
-85.746,77.792,67.487
-44.827,259.24,130.23
-72.117,118.83,105.04
-91.517,239.86,136.92
-62.099,175.38,117.55
-80.258,87.116,74.086
-53.087,226.33,106.56
-134.46,40.388,81.382
-107.49,171.19,90.887
-51.523,304.94,156.88
-104.89,181.49,92.011
-22.624,390.51,135.55
-61.271,249.04,145.28
-74.913,96.661,96.713
-83.61,317.34,131.74
-83.902,103.9,70.683
-62.115,165.55,109.77
-108.63,113.36,115.25
-68.937,379.33,135.88
-26.522,371.31,161.21
-77.448,80.576,82.684
-98.575,123.54,69.992
-92.745,25.275,58.513
-70.254,134.75,86.623
-80.454,62.41,80.321
-85.503,97.152,111.62
-116.25,143.25,102.63
-62.791,328.27,112.56
-52.366,229.19,107.54
-100.69,172.54,84.454
-93.666,260.56,115.3
-136.31,27.696,67.617
-78.891,73.318,80.353
-97.031,58.138,105.52
-65.838,308.14,108.4
-135.28,28.967,83.126
-43.614,262.49,123.78
-119.08,79.438,104.87
-129.32,71.148,80.118
-116.21,16.483,97.713
-45.195,323.94,159.56
-44.632,339.09,116.1
-36.866,360.61,122.03
-93.199,166.4,128.95
-44.074,293.18,114.18
-113.65,124.91,78.203
-91.668,85,111.04
-108.45,86.682,111.81
-84.426,41.539,73.818
-47.854,242.5,116.5
-116.18,140.95,104.53
-125.07,92.213,81.867
-122.67,83.892,100.82
-67.857,393.37,154.12
-33.255,316.4,132.01
-102,129.43,120.44
-86.816,152.54,76.213
-71.659,302.05,155.09
-130.64,35.147,60.238
-133.13,50.455,79.903
-92.216,158.3,127.83
-65.757,147.66,107.76
-30.136,377.91,127.67
-126.04,60.272,96.893
-106.47,165.22,86.862
-114.93,109.76,110.11
-69.675,142.44,113.57
-63.42,396.85,135.81
-59.789,262.69,148.47
-101.87,213.82,104.02
-82.358,322.97,131.8
-75.995,89.58,83.788
-86.247,42.432,67.904
-95.262,258.12,120.6
-95.266,117.7,68.628
-91.916,263.52,134.41
-65.267,148.66,106.63
-86.322,276.92,142.12
-69.053,130.07,104.44
-68.883,160.9,87.112
-102.58,194.86,124.27
-63.394,189.88,126.72
-78.511,343.32,139.12
-97.131,194.11,89.256
-43.546,345.69,164.91
-41.09,310.56,117.1
-44.361,339.16,116.23
-70.241,260.41,149.34
-107.14,186.73,116.52
-94.431,69.459,60.741
-103.01,217.13,115.77
-95.641,171.38,81.481
-94.102,115.22,119.14
-92.508,271.38,121.5
-101.51,128.07,71.687
-94.569,257.12,129.23
-109.21,110.38,114.59
-111.4,137.25,114.35
-88.503,271.9,111.44
-88.126,65.58,102.65
-112.73,17.995,98.285
-56.808,285.21,104.92
-42.315,383.8,173.56
-126.19,89.256,89.524
-61.57,384.95,128.75
-88.712,258.65,139.87
-56.742,237,138.61
-58.859,397.63,131.09
-60.786,170.99,104.37
-125.15,38.975,56.38
-26.735,368.73,160.28
-63.656,322.46,160.61
-61.753,283.62,153.95
-114.68,85.836,108.72
-64.793,218.1,137.85
-73.471,154.31,122.55
-82.506,322.52,132.14
-81.598,161.21,78.837
-57.949,186.63,107.37
-102.91,19.724,96.868
-56.214,196.43,108.75
-76.461,105.63,78.772
-76.102,170.63,82.262
-46.778,344.84,116.06
-108.94,99.842,66.477
-106.52,42.419,103.55
-40.622,291.99,119.44
-72.774,104.44,92.612
-92.766,40.406,97.402
-87.024,194.63,135.14
-76.19,346.43,130.87
-75.724,320.21,153.07
-109.31,182.26,103.88
-33.857,392.46,126.44
-137.45,22.981,68.08
-92.628,95.033,114.08
-90.778,4.7115,75.609
-59.37,206.45,129.02
-72.386,356.28,154.83
-100.53,9.6194,92.508
-79.041,251.84,97.656
-71.508,366.05,133.05
-61.695,223.21,137.6
-81.865,62.221,74.398
-84.393,43.76,72.731
-113.09,146.01,87.292
-116.83,62.856,104.94
-27.263,361.71,131.86
-130.74,52.108,69.037
-65.404,200.02,91.757
-23.055,368.87,140.14
-85.53,42.799,88.432
-68.912,141.32,88.308
-125.08,91.611,81.355
-91.092,222.94,136.64
-76.477,319.77,117.71
-76.724,89.956,80.923
-75.105,229.21,143.06
-84.284,60.328,95.875
-139,12.364,76.599
-67.74,133.75,102.14
-71.102,371.64,135.82
-89.543,343.38,111.31
-49.634,383.94,114.33
-96.868,291.95,98.348
-147.82,53.715,58.61
-90.579,367.18,129.89
-81.464,172.71,108.58
-102.61,37.987,73.68
-113.82,218.99,118.94
-79.542,160.57,90.539
-120.05,189.88,111.71
-109.55,177.66,70.202
-125.36,116.19,103.63
-94.724,187.08,72.025
-148.36,58.552,65.165
-108.54,247.45,92.419
-139.37,110.43,80.054
-79.849,169.55,103.87
-152.87,30.99,67.566
-69.021,320.77,99.333
-58.652,347.53,106.4
-95.017,76.593,69.847
-96.477,322.85,135.77
-82.657,194.1,118.58
-112.99,84.712,100.24
-51.921,381.23,159.36
-80.206,160.83,85.966
-127.71,31.428,89.17
-119.09,118.61,57.42
-93.696,101.63,92.541
-123.91,153.13,70.615
-86.272,257.67,85.932
-80.445,348.88,151.69
-140.74,23.718,84.28
-136.6,41.034,41.963
-125.95,181.28,100.14
-85.722,258.69,137.1
-90.042,338.8,143.6
-61.172,259.87,115.58
-106.14,265.38,97.36
-106.5,167.58,67.203
-60.404,344.45,152.62
-85.395,280.43,90.556
-35.357,393.03,132.14
-121.09,145.22,65.771
-83.242,372.55,150.1
-93.386,83.834,77.408
-113.18,112.08,55.423
-53.083,305.03,115.12
-59.338,382.76,161.43
-104,225.05,81.261
-39.996,365.98,135.89
-104.93,196.09,123.11
-61.47,341.86,152.3
-44.063,384.51,155.46
-107.44,122.67,108.51
-141.58,29.94,41.065
-128.3,140.56,70.201
-48.425,339.61,116.21
-127.57,163.36,101.4
-51.95,308.24,117.96
-78.958,192.12,114.09
-103.99,39.845,78.122
-120.5,153.17,110.25
-89.916,252.09,84.766
-95.531,125.61,64.316
-105.93,290.51,115.14
-100.7,267.77,92.812
-118.01,177.32,113.84
-66.389,375.82,159.83
-127.58,99.802,55.229
-81.816,245.73,133.64
-102.3,136.51,110.93
-64.569,241.45,110.16
-73.173,339.22,152.83
-89.783,176.23,117.31
-126.82,111.31,102.23
-87.977,283.48,141.1
-140.94,66.421,53.677
-101.52,198.1,124.25
-89.177,330.49,105.92
-91.1,163.4,70.527
-71.983,388.9,113.94
-148.32,26.628,45.567
-131.52,143.76,77.249
-43,355.91,124.52
-61.176,263.76,120.29
-85.487,375.38,146.65
-109.65,270.72,109.91
-50.741,338.67,143.77
-71.901,324.5,99.393
-116.31,81.116,99.829
-99.685,172.55,68.49
-75.151,335.41,101.5
-113.75,209.36,82.533
-98.43,162.73,67.091
-122.38,113.52,57.019
-86.457,349.02,110.41
-129.8,133.96,69.187
-71.674,317.06,148.58
-44.979,351.25,140.89
-71.08,206.81,100.25
-122.72,181.82,81.571
-131.64,146.47,79.498
-145.89,67.806,77.932
-109.98,67.579,94.58
-100.19,85.338,58.181
-113.22,109.36,105.92
-110.52,39.715,85.858
-71.512,370.91,157.89
-117.97,135.71,109.67
-89.623,217.17,128.29
-148.12,60.545,66.621
-88.159,125.13,74.073
-92.178,147.26,109.46
-37.542,381.31,130.58
-76.061,351,105.29
-124.01,156.74,107.31
-110.81,76.554,49.895
-98.213,254.19,87.13
-81.615,389.53,122.08
-117.13,49.838,92.273
-43.959,346.05,129.06
-134.09,72.102,50.136
-128.69,87.41,98.515
-88.288,285.73,141.32
-149.28,25.765,46.401
-87.713,343.86,146
-117.28,202.61,114.97
-120.55,183.87,111.26
-149.33,52.964,63.978
-124.21,180.14,83.345
-99.784,51.898,75.31
-69.641,250.35,127.95
-81.393,382.47,118.63
-59.173,360.79,107.66
-94.468,301.25,139.3
-44.975,341.49,131.3
-83.833,381.9,148.47
-98.018,255.61,133.69
-86.593,121.81,81.95
-99.858,65.018,59.323
-90.278,122.81,70.346
-91.738,170.76,116.63
-141.33,38.943,85.519
-98.785,239.9,83.411
-75.325,234.2,87.392
-38.583,380.43,145.37
-115.66,198.41,80.142
-130.56,136.5,71.396
-86.327,368.46,146.24
-111.16,27.164,81.821
-81.835,300.03,145.03
-65.42,366.24,158.26
-67.138,313.46,99.003
-149.7,29.864,75.996
-98.81,282.81,96.653
-134.4,118.43,94.472
-106.46,287.62,118.74
-41.475,369.01,123.94
-93.071,309.5,101.56
-110.45,230.1,122.76
-132.17,74.959,95.176
-86.84,368.61,119.51
-147.55,48.431,78.131
-43.141,392.55,119.5
-73.093,332.45,151.66
-101.44,154.34,64.942
-67.917,231.39,98.368
-11.63,177.74,152.08
47.355,286.45,170.1
42.537,227.74,167.86
26.144,204.45,149.62
-2.5633,112.9,178.41
-46.533,-19.071,138.2
-16.087,174.09,167.57
19.771,303.69,169.03
22.43,169.09,144.05
11.97,198.97,196.24
1.697,25.088,151.19
-34.032,22.214,112.74
1.0371,49.888,161.08
7.4283,196.51,194.97
43.887,316.38,217.71
1.5204,265.57,190.12
20.138,119.17,169.47
27.584,231.95,153.51
-40.041,-1.1238,109.07
60.292,315.05,190.25
-37.903,14.62,148.94
0.13496,-16.277,126.46
-46.607,5.5956,131.36
2.7726,216.59,152.76
17.067,250.32,156.12
0.87508,45.987,159.88
-27.485,-7.0353,152.12
-15.611,9.9974,156.05
18.558,100.67,162.6
51.712,322.09,215.37
-0.67931,257.5,177.89
-45.889,3.0567,120.21
25.236,274.8,160.34
21.95,315.31,171.17
-0.13058,105.59,176.82
30.841,302.85,216.24
18.053,195.7,145.36
12.703,71.215,157.31
5.3016,275.58,196.92
-16.188,12.894,156.84
30.624,198.79,152.43
55.158,285.89,188.9
-14.703,115.11,131.05
-36.396,28.616,150.87
41.425,295.61,166.57
20.853,151.13,181.5
-7.3328,187.42,150.81
16.196,272.2,207.79
36.745,358.68,176.5
2.06,-2.7462,133.99
24.717,223.03,151.33
-22.16,125.18,166.63
-0.11021,35.006,116.95
25.644,179.59,147.21
17.78,344.9,208.95
20.997,102.49,157.06
6.0215,252.71,162.51
22.81,362.73,215.3
7.7682,61.552,159.65
16.896,290.94,209.67
18.119,93.222,159.01
33.119,217.34,194.9
54.228,323.76,213.9
-19.747,116.21,170.53
34.068,309.29,166.78
4.5854,262.64,197.27
-29.862,85.7,157.16
-13.988,-2.6398,104.3
38.85,208.9,183.85
30.314,290.99,163.36
-3.1496,240.61,185.05
-18.826,159.73,160.79
-3.2384,231.17,187.64
4.1244,246.62,197.31
20.677,224.88,201.51
23.356,143.71,144.02
-13.897,55.2,115.06
4.8013,176.45,141.01
-22.204,141.16,157.01
38.633,209.07,163.03
35.234,354.44,175.9
8.1559,50.609,154.25
32.743,245.04,157.24
13.323,330.38,189.14
32.198,167.67,157.49
23.876,240.29,204.5
56.529,330.26,179.28
-6.6443,191.88,185.59
51.535,303.6,174.33
18.513,89.854,155.2
19.048,93.132,143.15
-5.1263,234.59,175.65
-44.914,7.3361,120.57
6.2464,148.49,185.94
-1.8483,246.94,172.32
-1.6737,201.37,150.84
15.776,118.42,135.47
41.519,222.26,186
28.674,211.8,151.78
27.493,176.65,185.09
-43.371,11.452,140.86
57.283,313,181.8
3.9621,5.7709,133.44
-5.2688,210.08,186.69
-16.876,135.26,139.97
5.0098,29.862,148.79
-33.475,-12.065,101.55
11.063,176.11,140.76
5.393,275.73,173.22
-2.2536,123.59,180.52
31.147,233.9,155.29
67.86,359.02,195.41
12.249,279.72,166.63
-16.22,104.04,172.7
-18.352,110.75,132.04
29.451,191.91,151.11
57.55,300.56,187.29
-7.7287,25.163,111.02
-1.5606,-0.94509,114.67
-25.455,76.129,163.6
9.0656,240.81,201.02
-3.6769,3.3944,148
19.168,352.95,210.19
35.705,182.05,164.19
59.602,311.85,189.09
40.633,233.38,193.37
-2.6404,-23.55,115.62
-10.698,-0.96428,151.44
-13.99,58.86,166.78
5.1057,171.67,190.37
-22.463,58.837,164.17
19.642,315.88,212.88
22.968,315.02,215.13
4.5106,282.61,180
33.386,200.04,188.16
55.087,331.81,215.94
32.422,234.83,200.82
-25.741,102.49,136.96
1.723,30.291,118.54
15.835,70.949,146.1
32.001,342.91,174.1
-1.1061,186.33,145.63
-0.20035,3.7899,143.91
-4.9694,42.185,161.78
-5.7973,-26.609,137.35
-10.391,-11.616,105.16
9.9965,40.797,133.88
31.427,237.39,155.79
45.974,236.25,179.69
-14.557,176.95,157.85
52.123,353.38,224.04
-5.6643,84.885,172.53
12.484,321.35,184.78
55.696,313.61,179.08
0.91766,31.841,117.73
28.747,250.21,156.4
-6.1704,43.786,162.64
6.7658,123.51,180.01
-44.695,10.591,122.37
25.422,135.82,169.01
2.6545,-2.1487,128.02
-29.302,98.383,143.05
2.5596,255.34,167.72
41.451,350.23,174.31
21.731,334.81,177.52
13.276,292.12,206.73
3.4384,2.1207,130.41
30.711,321.28,169.43
-2.6566,280.77,165.18
-9.3562,156.35,138.64
-20.905,16.643,151.73
21.435,226.22,189.59
-10.103,188.23,144.61
13.878,193.94,185.99
-31.051,57.404,117.04
23.391,238.58,169.42
-0.69505,97.567,144.34
-6.7405,211.14,200.07
9.7404,154.04,156.87
-23.518,67.065,120.28
5.1571,206.39,150.9
-56.583,11.416,151.67
-41.709,143.97,163.26
30.767,280.6,201.42
-39.936,154.46,164.17
31.908,371.06,180.75
21.052,224.75,189.53
-6.0572,75.853,136.08
-10.954,289.01,203.48
-30.003,83.173,122.53
5.7422,144.89,149.29
-22.021,85.297,173.7
-2.671,352.17,207.54
46.755,349.82,200.01
-15.352,60.541,124.2
-43.576,100.03,134.06
-37.298,5.1763,106.05
-12.265,114.76,131.43
-17.5,42.327,121.33
-4.935,73.543,154.19
-38.56,114.23,173.3
-7.8898,304.58,177.62
6.065,209.27,151.67
-40.607,146.89,154.32
-23.861,232.57,187.89
-65.487,-0.46017,140.11
-17.267,53.315,122.13
-14.116,33.629,150.33
-11.019,284.54,173.07
-55.079,-0.068717,151.71
19.986,242.41,164.2
-33.516,50.863,166.67
-56.205,42.618,152.41
-30.041,-10.069,149.4
35.606,300.18,202.64
7.3839,318.06,170.98
15.141,340.15,174.24
-6.335,139.16,183.29
10.802,273.15,161.89
-50.208,98.268,149.86
-8.9543,60.584,155.59
-21.602,59.331,166.71
-22.746,21.564,115.41
13.965,222.52,157.98
-37.107,111.85,174.36
-53.747,63.935,154.5
-39.239,54.901,166.42
8.3288,364.95,223.25
28.234,296.64,172.78
-15.105,101.88,176.22
-33.228,130.13,136.29
14.335,274.46,211.87
-66.416,8.3207,132.1
-57.397,21.639,151.29
-5.5365,131.44,180.54
3.2972,126.82,147.13
22.31,357.93,177.24
-42.154,31.365,161.7
-42.904,138.54,158.57
-29.79,81.031,172.99
4.3893,120.63,153.2
-0.052321,370.34,206.88
22.954,238.21,193.26
-33.009,185.97,176.76
-10.462,294.75,203.65
-14.358,69.567,125.6
-27.948,22.526,112.08
-21.546,229.54,192.59
-41.341,94.949,130.06
-10.782,234.5,202.12
2.8743,127.96,146.11
-2.8448,248.12,206.8
0.2729,109.18,143.78
-13.286,140.67,135.11
-19.121,165.86,189.9
13.169,167.47,167.07
-4.7532,314.93,210.2
-36.815,168.38,159.29
38.248,321.49,209.22
13.352,290.56,165.08
7.665,318.17,170.92
15.63,234.14,199.96
-26.769,157.6,185.39
-41.238,48.182,115.8
-26.826,188.25,187.09
-38.466,146.8,148.75
-8.5138,89.344,168.14
-20.065,242.99,193.7
-45.193,103.88,137.89
-15.5,228.1,198.71
-22.609,82.318,173.08
-26.901,108.38,178.48
-23.326,244.85,183.54
-9.7098,42.652,143.84
-27.124,-8.0273,147.96
-4.1256,263.77,161.22
41.15,358.59,221.21
-49.536,60.328,160.66
-1.964,359.43,198.4
-4.4389,229.9,203.62
21.468,214.13,179.68
0.44118,372.2,200.56
2.8827,150.82,145.15
-64.947,13.274,126.36
46.24,347.32,199.01
22.125,295.51,214.5
22.967,258.1,202.03
-28.283,57.645,167.98
16.491,194.23,181.02
6.0086,131.06,164.37
-10.32,294.26,203.94
-28.339,139.37,136.51
5.5298,166.48,148.22
-20.579,-4.5622,141.13
6.8399,176.33,149.78
-19.332,85.6,124.53
-22.801,149.34,137.3
5.1744,323.36,173.17
-51.631,75.203,133.92
-21.254,16.692,152.11
16.879,272.22,163.67
-7.6872,84.139,132.83
-14.291,17.461,138.62
-0.25042,167.55,188.79
-8.4191,318.92,202.88
8.2699,291.75,215.67
-35.968,153.69,176.2
17.327,371.68,180.86
-65.65,-5.3209,140.42
-8.7074,70.083,160.12
-23.17,-15.844,114.85
16.206,184.29,169.02
8.6609,327.66,220.7
-20.554,-13.802,134.7
-22.829,227.65,163.89
-5.224,338.87,204.81
18.265,199.8,179.75
-22.29,42.295,117.57
-23.606,23.826,114.9
-45.991,118.5,159.9
-30.217,34.938,162.73
28.636,342.21,176.17
-62.519,24.394,141.67
-11.254,179.42,142.78
36.435,349.42,181.16
-14.544,21.642,127.62
-10.77,121.34,132.96
-54.023,63.375,154.02
-5.0434,194.6,196.92
-14.463,293.54,188.63
-16.754,70.004,123.88
10.773,203.05,193.12
-10.511,38.593,135.41
-60.535,-16.59,146.3
-0.49101,113.18,141.78
-3.6794,344.26,207.6
-30.739,314.96,195.38
-1.6887,361.43,179.76
-39.841,264.01,181.66
-82.414,23.763,144.27
-22.055,336.95,214.19
-10.62,148.72,161.32
-36.568,14.987,125.85
-33.365,188.02,196.45
-19.347,138.31,144.23
-40.058,158.83,190.04
-56.872,151.36,149.49
-42.505,86.015,175.36
-45.126,163.03,143.34
-79.16,27.989,150.45
-48.519,218.67,177.15
-67.605,79.529,164.71
-12.037,146.2,156.18
-78.627,-0.036425,150.71
-20.325,297.02,169.97
-10.314,324.63,173.36
-36.629,54.49,124.35
-18.879,291.96,215.34
-7.2185,168.88,173.2
-32.196,57.392,160.19
25.045,355.37,215.65
-22.754,138.76,141.13
-45.659,3.2369,152.17
-66.881,92.534,136.07
-23.652,77.817,145.11
-65.475,124.78,154.7
-36.31,232.94,160.13
1.1338,319.23,222.02
-58.092,-6.234,155.11
-83.035,14.31,122.5
-51.095,150.14,183.31
-3.8638,230.62,199.65
-10.447,308.23,220
1.502,237.4,168.15
-45.199,236.37,182.35
-55.474,142.17,143.71
17.615,318.22,209.79
-34.809,255.16,166.79
19.695,371.6,186.29
-65.616,117.79,147.98
-4.1892,342.13,226.23
-31.284,61.383,130.36
-62.968,87.249,129.87
3.3432,283.2,169.99
20.471,355.48,222.04
-49.967,198.16,162.18
20.931,343.97,187.75
-21.781,166.75,190.62
16.829,315.52,209.79
28.374,360.19,208.35
-26.176,95.103,169.22
-86.43,2.6162,123.08
-67.981,111.7,155.08
4.4708,317.92,173.46
-49.919,132.16,182.44
5.7095,286.37,172.01
-6.9946,167.86,167.14
-35.015,16.284,130.43
-37.973,122.76,183.37
-39.35,226.91,160.57
-44.973,102.96,128.13
-36.18,259.94,199.99
-44.069,239.95,175.88
-35.999,146.68,188.46
14.651,347.56,224.01
-73.103,72.74,136.58
-1.8315,218.78,192.53
-21.947,109.43,170.15
-2.8449,219.07,163.1
8.3522,310.89,216.93
-11.893,150.18,173.74
-44.064,81.055,174.39
-5.3645,254.35,208.05
-81.356,37.752,138.25
-18.611,169.23,189.75
-32.663,302.71,188.93
-41.1,140.46,136.22
-19.67,362.53,193.89
-88.516,-2.0866,130.17
-66.344,113.82,163.02
12.394,334.32,179.18
4.1013,240.91,172.42
-8.3482,344.76,225.38
-40.527,240.2,195.08
20.064,314.77,196.11
-22.853,300.19,172.37
-34.686,53.32,161.33
-49.853,148.13,141.33
-25.041,310.22,177.71
-55.276,180.99,166.64
-48.864,138.78,137.92
-69.209,86.997,136.96
-29.436,321.09,193.69
-69.177,105.02,154.16
8.8719,289.65,209.21
21.559,328.31,192.34
-10.936,184.56,153.91
-60.304,152.45,167.02
-65.273,116.32,165.27
-70.086,36.659,160.31
-31.857,41.436,151.25
-48.749,62.984,119.84
-31.057,81.209,168.64
-35.198,14.53,140.4
9.9202,341.99,224.85
-34.78,106.05,178.62
-8.6194,189.73,188.63
-78.249,29.892,151.75
-33.107,103.1,131.12
-16.028,121.82,164.52
18.098,359.81,184.56
-24.788,325.15,183.68
-42.855,125.86,183.8
-61.357,53.093,118.51
-44.473,227.41,167.81
-22.07,360.97,206.19
-37.212,22.93,151.02
15.397,324.16,181.72
-78.798,44.739,132.22
-45.66,57.489,168.87
-5.6694,256.5,208.77
-88.658,-3.1543,131.27
-7.5968,313.44,221.25
-37.033,171.6,192.89
-40.184,152.86,189.04
-80.151,22.408,149.24
-60.186,150.43,169.04
-34.631,29.036,127.59
3.5831,225.78,181.41
-23.414,354.29,202.26
-11.138,337.49,176.75
-13.137,270.84,213.43
16.436,319.35,183.36
-6.5206,351.33,226.81
-15.234,225.74,204.03
-26.649,99.573,135.74
-45.919,42.987,117.31
-36.872,100.7,129.15
-13.333,144.52,173.54
-59.168,8.5504,158.84
-45.943,213.5,163.01
-24.785,211.63,150.86
26.654,357.79,196.53
-57.25,170.06,164.22
-68.607,107.24,156.74
-8.6211,337.84,224.48
-37.078,2.3507,135.67
0.34185,271.4,209.97
15.289,338.41,220.68
-18.408,290.17,167.41
-70.786,-1.1661,155.13
-41.572,254.81,180.09
-55.445,87.282,174.13
-34.065,256.77,202.66
12.014,347.5,179.87
-36.494,281.7,184.61
-29.371,199.27,199.11
-49.311,44.877,166.44
-25.806,339.68,204.08
-69.476,17.313,158.41
5.7851,370.65,181.16
8.298,304.33,214.9
-51.773,130.16,136.77
-11.913,209.39,154.41
70.215,162.65,153.2
117.2,278.36,148.34
117.43,219.98,140.26
95.437,195.5,132.44
99.673,98.689,157.83
52.49,-35.864,132.61
76.823,157.27,167.36
93.628,290.7,167.09
92.299,160.47,124.79
114.23,184.6,176.39
93.904,14.894,120.22
42.408,8.5481,111.76
97.335,38.506,132.22
110.15,181.49,177.8
141.67,304.03,192.13
96.231,248.71,188.57
111.04,109.31,138.01
96.478,222.53,138.93
37.588,-15.175,108.89
137.24,307.35,160.6
62.83,-1.9858,141.01
80.95,-24.395,95.438
45.89,-11.169,131.26
78.231,203.26,151.08
88.311,238.62,150.29
96.809,34.723,130.76
74.853,-21.716,133.68
84.949,-3.2113,132.17
107.2,91.315,130.73
145.73,311.14,186.44
87.597,241.22,179.15
39.676,-12.801,121.76
95.04,263.8,152.44
95.597,302.35,169.26
101.22,92.027,153.95
131.89,288.61,196.82
87.311,185.8,132.7
102.04,61.71,125.54
102.51,258.74,193.12
84.734,-0.51381,133.6
101.18,190.52,130.99
135.08,277.89,158.07
60.359,101.95,128.85
63.926,11.903,143.8
109.56,286.59,150.67
116.22,140.06,151.96
71.857,172.99,151.12
118.07,256.55,194.36
106.42,347.15,171.22
85.93,-11.266,102.25
93.711,213.41,137.58
76.006,108.22,162.61
70.11,26.616,96.326
95.812,171.13,126.95
113.38,328.21,205.79
105.44,93.884,125.22
83.559,238.67,162.37
119.63,346.18,210.47
100.57,51.214,128.84
118.07,274.97,198.36
105.28,84.155,127.03
128.07,206.35,165.34
146.59,313.3,184.02
81.136,99.55,162.73
102.76,298.78,157.5
103.36,245.87,191.78
67.713,68.719,153.72
54.878,-11.916,89.034
126.34,199.76,151.94
99.381,280.38,154.24
91.72,223.71,183.54
71.764,143.14,161.5
94.136,214.25,184.11
104.49,230.04,189.55
121.91,211.21,179.27
95.314,135.69,120.19
56.42,44.25,106.48
76.092,164.92,134.37
68.473,124.56,157.69
113.09,201.28,135.95
105.26,342.76,171.01
98.482,40.881,122.68
101.61,236.03,140.74
98.827,314.5,190.86
108.42,159.84,129.03
124.85,226.7,182.07
126.06,322.39,156.79
93.809,175.17,178.39
121.52,295.66,151.78
103.5,81.164,123.3
96.057,85.279,114.14
84.842,218.08,176.5
40.266,-8.4521,122.13
107.96,134.68,163.92
84.159,231,173.87
74.976,187.66,149.89
86.397,110.1,114.18
128.53,213.21,154.08
98.08,203.01,133.73
121.28,166.04,154.73
53.82,-5.4929,137.58
129.8,305.38,155.56
86.279,-2.5319,102.01
93.899,193.23,181.28
62.435,120.8,140.28
94.523,20.31,117.09
38.949,-24.315,97.318
80.805,165.67,130.3
87.697,260.48,174.71
100.26,109.12,160.96
100.17,224.93,138.44
142.32,351.52,166.93
88.497,266.01,166.04
86.335,88.033,160.34
58.559,96.98,131.16
100.07,183.64,129.59
134.58,292.83,157.68
61.399,16.037,94.825
70.843,-8.8255,89.758
76.032,59.63,154.5
111.17,224.93,188.5
89.725,-7.1368,117.59
114.49,336.28,207.18
114.02,174.13,134.36
136.27,304.16,159.61
131.45,223.5,162.1
72.665,-31.296,87.573
86.855,-12.846,123.86
88.47,44.391,147.23
107.74,156.98,171.72
80.283,43.101,150.38
119.93,299.74,203.12
124,299.31,202.69
90.639,266.64,181.59
125.63,189.84,157.22
147.8,321.23,186.36
129.65,223.03,173.13
56.689,87.269,138.18
72.956,22.186,95.694
97.452,62.727,114.89
102.68,331,169.76
73.517,173.32,143.12
89.81,-5.8843,112.36
93.83,29.864,135.21
84.14,-36.288,105.87
59.019,-20.186,86.084
88.024,32.902,104.21
100.38,228.37,139.21
126.74,228.14,148.68
71.645,160.99,159.34
148.63,341.39,197.86
96.138,71.012,150.72
96.264,305.77,186.55
126.8,305.89,154.51
71.684,23.627,95.804
97.524,240.49,143.35
93.295,31.177,136.86
106.92,110.6,155.05
41.272,-5.3352,123.91
113.32,126.61,137.06
82.586,-10.18,97.343
58.13,82.223,144.43
83.913,240.31,168.94
109.45,339.79,165.3
97.628,321.06,177.4
113.32,275.7,198.47
84.306,-6.0082,99.398
100.73,309.82,163.5
75.962,264.6,174.18
65.492,142.9,138
77.537,2.7094,133.11
114.89,213.45,169.77
65.752,173.72,148.13
109.74,180.66,166.49
44.2,43.366,118.85
102.62,227.27,154.88
81.133,86.202,127.83
101.06,193.12,192.72
91.912,142.66,140.11
51.177,53.931,118.29
79.839,193.76,146.56
50.387,-8.4958,154.02
57.056,123.59,174.9
124.57,267.71,181.85
58.043,134.14,176.19
104.22,358.22,179.43
114.69,211.94,169.72
73.788,64.49,121.26
92.833,268.74,210.26
46.098,68.515,126.54
84.897,133.5,135.23
84.191,68.556,161.69
96.015,331.98,218.34
129.72,338.58,181.94
60.545,48.646,115.3
41.303,82.013,146.44
37.241,-8.3134,105.87
62.518,102,127.61
58.746,30.563,111.51
86.233,61.205,134.26
68.51,94.212,176.06
77.55,286.29,190.79
80.761,196.69,147.06
52.034,127.24,167.76
78.222,212.09,197.12
37.332,-20.917,148.62
58.422,41.353,113.72
80.353,20.658,130.56
74.102,266.36,186
52.628,-19.534,151.32
96.358,230.81,153.52
74.036,33.214,157.81
48.295,22.196,159.31
71.451,-24.952,132.66
127.28,287.7,182.93
83.962,302.59,178.45
89.986,325.4,179.73
97.42,123.55,168.07
84.999,259.62,162.2
46.252,78.1,162.47
85.185,47.688,135.75
82.497,43.564,151.9
52.871,9.651,106.84
89.615,210.64,149.22
70.516,92.055,175.62
49.563,43.434,162.8
69.087,36.226,161.76
113.21,345.37,225.84
103.17,284.95,163.71
89.603,85.87,162.04
47.956,113.22,146.61
118.98,258.18,199.02
30.786,-11.909,144.36
48.591,1.4418,155.85
97.017,116.28,164.23
83.298,115.45,132.18
95.793,343.9,180.49
66.019,12.905,156.15
53.686,118.36,171.14
78.127,63.088,165.21
88.519,109.15,135.24
95.968,350.33,219.11
117.27,225.25,173.58
68.42,165.46,186.71
92.798,274.46,211.01
61.364,57.596,117.21
46.669,9.9337,107.58
83.238,209.2,198.88
40.984,77.663,141.17
97.087,215.27,200.48
82.227,116.57,131.83
104.92,229.7,201.41
80.472,97.821,128.64
61.672,127.05,135.18
89.241,147.18,185.23
99.737,155.78,148.06
99.477,294.83,215.79
56.121,148.68,172.7
131.51,308.66,189.8
87.383,276.95,165.87
84.133,302.75,178.25
116.19,219.55,182.61
81.249,138.06,185.1
36.384,32.65,122.64
79.477,168.07,191.3
50.201,127.89,162.12
90.776,75.203,149.77
83.852,222.6,200.96
42.101,85.265,151.01
91.883,208.4,199.7
83.616,65.569,161.1
81.306,90.105,172.03
74.784,224.55,195.36
78.865,30.711,124.26
72.611,-22.353,130.07
73.899,247.9,169.32
137.89,344.84,203.19
57.011,40.194,164.43
90.161,339.85,211.97
103.35,211.73,197.04
109.81,202.22,160.15
92.211,352.66,214.2
79.545,139.11,134.7
27.87,-6.4075,139.8
128.92,336.09,181.08
124.73,280.03,199.63
120.97,244.22,183.52
78.284,40.685,156.7
108.61,181.72,161.08
95.826,118.94,144.57
93.131,273.98,211.06
51.029,123.12,145.26
82.086,154.76,137.94
73.073,-17.378,121.33
83.18,164.56,139.91
55.385,72.584,121.95
54.897,133.81,144.07
83.146,307.27,182.33
37.252,56.242,147.32
77.5,2.673,133.62
90.9,259.62,159.72
69.728,72.576,121.04
74.349,5.5113,119.03
102.98,152.13,173.11
91.681,298.62,212.98
115.09,273.9,208.41
68.731,133.26,182.97
92.953,356.34,188.52
37.845,-25.745,148.19
87.35,56.767,140.61
55.61,-27.162,100.74
101.77,172.7,150.37
115.27,308.94,217.75
69.899,-26.03,114.86
64.407,209.03,177.1
93.544,318.65,215.68
108.68,187.59,159.89
52.684,29.967,111.51
51.679,11.763,107.32
53.965,98.04,170.89
75.565,18.38,150.22
101.45,329.6,173.31
38.337,3.9197,151.95
64.517,164.98,146.02
109.95,337.68,173.56
66.869,10.311,111.31
64.032,108.62,128.92
49.096,42.868,162.51
101.91,177.36,186.62
80.384,273.59,201.6
58.394,57.732,117.41
110.98,188.62,175.35
73.325,27.145,117.57
46.518,-36.345,147.84
78.259,101.75,128.19
95.998,324.02,217.76
70.082,291.43,220.17
78.498,343.1,197.66
59.088,240.7,207.03
24.643,-0.25899,166.02
86.593,313.27,232.94
79.446,133.67,155.16
49.336,0.13843,122.34
80.316,166.11,202.52
62.924,123.09,145.59
73.785,136.69,197.02
36.019,129.19,174.66
69.325,65.667,175.6
40.175,143.07,164.56
30.651,4.0389,169.49
53.687,194.95,201.66
43.833,55.727,181.66
75.356,131.3,151.64
33.786,-23.442,164.93
63.828,277.25,191.26
71.172,305.87,192.14
44.738,39.067,127.46
93.876,269.51,224.77
87.686,153.29,165.48
70.394,40.289,153.01
122.25,339.3,208.22
58.303,123.16,145.33
59.894,-14.712,146.45
25.226,70.544,161.05
65.668,62.827,139.32
35.065,101.24,179.75
51.146,212.18,183.26
111.05,299.27,222.04
52.992,-26.334,154.82
11.365,-8.21,148.02
61.818,126.72,197.16
101.24,212.8,193.73
101.84,286.62,225.81
85.002,222.47,167.08
57.902,212.57,206.47
34.308,120.77,167.86
116.21,301.9,202.33
54.451,233.84,191.02
98.2,356.3,191.27
31.371,94.801,173.51
107.49,320.6,232.19
52.015,46.353,129.95
24.848,66.425,153.02
83.401,267.69,174.63
122.7,338.21,215.98
45.045,175.53,187.68
102.6,329.25,187.28
87.558,147.55,187.56
115.85,299.11,202.38
119.79,345.1,201.28
77.27,77.789,162.31
10.176,-20.323,148.69
34.556,87.933,179.5
83.28,301.79,182.13
63.825,109.3,192.93
86.21,271.07,175.26
84.152,152.72,160.49
53.293,1.3728,125.15
74.505,102.03,184.87
49.62,205.71,184.5
36.231,85.049,143.16
73.794,236.1,218.37
54.389,216.71,201.32
77.037,125.55,191.39
120.16,329.3,219.81
22.544,49.99,162.11
99.43,201.98,185.09
79.815,92.529,162.71
80.148,204.05,162.92
114.2,292.64,212.36
86.118,134.07,165.8
67.968,60.589,175.02
103.19,235.32,204.91
20.409,14.075,162.92
89.233,150.58,185.34
65.667,279.48,214.41
40.878,122.04,153
73.362,340.18,219.78
13.441,-25.773,154.72
40.613,89.769,185
91.494,318.88,184.31
89.373,226.08,169.36
103.5,322.54,234.48
69.154,216.28,214.09
109.84,299.84,189.68
63.087,279.78,195.17
69.553,35.786,154.77
36.619,127.75,163.53
63.834,288.92,202.24
45.307,157.45,191.67
36.099,118.96,158.8
24.492,64.644,162.29
69.466,297.79,219.03
33.668,81.225,178.47
111.7,272.36,202.7
107.39,313.65,187.98
71.275,169.35,155.27
44.264,128.51,190.52
42.623,92.255,186.48
43.064,13.45,172.97
66.503,25.253,143.35
31.763,45.656,132.71
74.399,63.337,162.64
59.569,-1.0456,132.72
117.55,322.96,222.47
75.515,86.466,176.58
94.385,172.52,181.61
32.001,5.9777,170.25
47.27,87.004,138.25
79.73,106.09,156.69
96.956,344.55,189.04
66.41,303.23,209.07
70.714,104.22,188.67
22.084,33.874,137.82
50.155,204.85,193.32
79.366,337.42,230.54
63.909,6.1631,143.51
96.34,309.24,182.85
17.962,21.782,157.78
65.42,37.516,167.99
103.21,237.32,206
14.118,-26.92,155.49
104.35,292.15,225.86
76.747,149.57,199.41
73.605,130.87,195.38
29.637,-1.5363,168.28
45.807,126.41,191.7
50.642,14.165,124.73
95.994,210.52,174.25
76.474,330.89,227.26
71.488,318.15,197.31
99.05,249.85,216.44
98.611,304.57,182.72
105.21,329.22,235.52
95.647,205.77,203.29
55.489,84.331,137.34
34.189,26.645,125.85
43.344,84.138,138.65
85.397,128.27,165.63
53.155,-12.23,160.72
47.277,191.25,188.3
56.185,193.81,165.66
111.27,343.22,192.78
43.259,146.53,189.27
35.523,83.336,180.47
103.36,315.75,232.86
56.26,-13.026,128.27
107.25,252.92,205.61
119.41,320.64,215.39
64.327,271.02,187.02
42.73,-23.513,163.4
57.602,231.47,205.41
58.434,64.793,182.76
77.392,233.17,218.64
90.432,331.72,187.17
61.91,258.46,210.07
84.044,177.67,203.92
62.222,24.657,166.33
77.1,315.99,227.82
44.112,-5.3398,168.07
84.312,353.34,195.64
113.48,286.32,209.78
33.912,110.06,158.32
68.566,193.57,160.19
135.58,161.66,101.68
158.29,283.75,87.515
158.73,226.92,71.866
139.05,199.64,75.364
167.1,103.48,77.154
127.08,-35.154,65.13
150.07,156.56,107.78
150.7,290.61,118.41
135.02,165.17,65.806
182.16,189.19,96.252
146.69,22.62,38.244
102.15,8.1825,62.139
154.72,45.62,49.191
180.17,185.35,99.343
202.34,310.23,110.6
170.03,248.35,126.84
162.49,117.18,56.519
141.46,225.95,84.035
98.782,-15.771,59.103
178.83,314.84,89.365
137.25,-0.64609,70.685
124.71,-16.563,20.72
118.87,-11.909,72.018
136.74,203.09,101.56
140.8,239.63,100.38
153.74,41.908,47.786
143.75,-17.511,54.533
148.92,2.5002,50.125
156.58,99.318,50.366
201.26,318.29,104.83
158.13,240.14,123.62
108.26,-13.938,68.191
145.06,265.39,101.93
152.52,302.26,120.74
166.47,97.455,72.146
199.14,293.1,117.77
133.81,188.7,78.993
152.04,69.678,44.807
176.82,258.97,128.12
149.4,5.0211,51.787
143.04,195.81,69.941
178.26,285.68,84.06
118.22,101.93,79.209
138.58,13.01,74.376
153.1,290.39,95.292
172.44,147.36,69.039
134.6,172.24,100.7
189.83,259.39,119.23
158.03,348.02,122.73
131.64,-3.2603,25.036
139.31,216.61,83.24
150.93,108.51,96.826
112.23,31.686,36.102
138.12,176.11,67.018
186.83,328.28,142.3
151.54,101.91,47.579
144.7,238.07,112.67
192.96,346.7,144.96
153.94,58.89,46.602
190.66,277.23,125.24
153.44,92.198,47.533
183.94,213.66,82.668
200.22,320.73,102.76
155.77,100.85,92.42
151.01,300.76,106.67
177.81,246.56,124.53
142.55,68.854,88.748
99.394,-8.3032,33.654
174.79,207.79,72.284
148.03,282.3,103.3
165.67,223.34,121.74
143.77,142.19,104.09
168.76,214.4,119.21
178.74,231.33,119.61
187.47,216.46,98
136.73,141.62,56.472
106.4,46.019,55.13
128.1,166.15,83.844
140.53,123.62,100.2
154.37,208.08,68.214
157.4,343.53,122.58
149.4,48.785,41.467
145.33,239.98,84.442
167.46,313.32,137.44
150.2,167.01,59.146
190.09,232.01,100.83
166.42,327.98,95.626
168.48,176.31,108.78
162.21,301.26,90.282
149.99,89.203,45.254
138.11,92.591,43.353
156.45,217.1,119.59
108.55,-9.586,68.8
174.04,139.88,82.511
153.09,229.86,120.01
134.9,187.29,100.16
128.4,115.34,53.213
176.6,221.23,74.74
141.22,207.39,75.943
175.72,173.58,72.209
128.45,-5.3989,72.974
170.09,311.97,89.689
130.96,5.4019,26.019
168.72,193.89,113.83
125.28,120.05,89.791
144.71,28.259,36.294
93.408,-23.755,47.85
129.12,167.96,77.921
153.66,259.39,123.16
168.57,113.63,80.879
143.79,228.98,81.782
182.7,358.71,98.17
148.33,265.54,116.82
159.33,90.571,85.561
118.73,96.583,81.315
141.93,188.95,68.445
176.27,300.31,86.429
105.52,19.903,38.586
111.91,-2.5969,24.951
150.3,61.281,82.836
183.71,227.51,113.9
143.82,0.42382,35.273
187.83,336.32,143.98
156.57,181.66,62.117
177.75,311.6,88.687
182.96,231.31,80.8
114,-24.234,18.588
146.06,-6.0945,40.987
156.75,48.898,67.187
176.73,161.24,92.224
152.51,46.027,74.426
192.83,301.59,131.72
195.74,301.88,128.84
159.69,265.49,127.68
178.46,197.55,75.244
201.89,328.57,105.09
188.52,229.82,90.383
122.58,86.249,86.368
114.44,27.858,33.172
141.72,70.606,39.509
155.7,331.6,121.32
130.83,173.38,93.532
140.49,2.018,31.359
154.67,36.329,52.284
134.81,-28.407,24.984
101.5,-15.533,27.528
130.45,40.39,32.265
144.12,232.35,82.793
170.47,235.97,74.007
140.69,159.87,105.31
207.91,347.76,116.7
162.44,76.144,69.422
163.58,304.58,134.28
167.07,312.03,90.785
113.39,29.051,34.262
143.4,243.49,89.668
155.17,37.418,54.102
169.87,116.61,72.454
110.16,-6.469,70.061
162.07,134.64,57.128
125.87,-2.4351,23.447
128.08,81.118,89.537
148.95,239.31,117.81
157.34,341.69,115.12
157.49,320.46,128.77
186.99,277.14,128.35
128.11,1.822,24.651
152.2,310.87,114.31
143.87,261.48,130.57
124.19,142.46,89.65
143.24,6.9981,56.314
175.88,218.1,95.275
127.94,172.12,102.23
172.83,185.21,90.69
104.8,42.248,72.05
155.79,230.6,93.415
135.08,90.049,63.232
181.45,194.24,118.32
145.97,146.58,75.11
108.88,53.859,69.025
136.01,194.33,95.574
136.39,-10.03,87.353
142.59,119.58,120.37
185.99,272.3,107.32
143.2,130.04,122.44
160.47,357.98,132.2
175.84,216.59,95.123
127.26,67.89,59.192
179.19,266.02,148.91
108.79,66.785,80.835
138.31,136.7,74.156
160.31,70.966,84.841
180.94,328.2,163.24
183.55,342.84,115.45
114.73,50.455,60.153
116.35,77.915,101.34
95.992,-8.8825,58.059
119.1,102.43,76.932
112.61,32.624,55.446
145.34,65.912,61.152
154.86,92.566,109.63
153.55,281.97,145.92
136.77,197.33,95.861
133.89,122.79,118.48
164.82,208.71,138.68
124.04,-24.104,89.17
112.76,43.029,59.068
142.17,25.294,55.455
149.7,262.11,141.16
137.44,-20.321,82.144
149.76,233.1,96.737
153.25,34.749,82.444
135.29,19.438,97.585
140.77,-21.204,55.304
186.94,292.34,109.67
149.27,299.91,135.01
152.65,323.28,135.93
169.52,126.86,90.41
143.8,258.92,114.97
130.59,73.843,110.13
146.7,52.345,60.808
155.14,46.759,74.328
107.04,11.375,52.102
143.7,212.41,94.336
156.33,90.816,107.72
136.52,40.302,102.88
151.62,36.607,89.003
197.72,343.79,160.67
156.49,286.81,109.05
163.13,88.887,84.547
118.75,109.71,102.35
193.32,260.83,122.55
115.49,-16.078,91.293
135.24,-0.68645,91.44
167.46,119.9,86.526
136.81,118.89,69.913
155.93,342.4,135.9
147.86,13.529,82.839
138.1,114.11,118.68
158.33,64.324,90.412
143.35,113.37,68.104
179.71,346.19,166.77
179.04,229.86,98.646
154.96,161.9,129.21
179.1,271.59,150.42
115.74,59.267,62.544
102.69,10.548,56.512
170.06,206.6,136.52
113.19,73.935,96.757
181.22,214.83,130.26
135.66,119.83,70.472
186.54,230.28,128.49
134.02,101.31,66.107
120.92,126.41,87.292
171.8,147.56,112.46
155.8,160.27,78.565
185.41,292.44,153.27
138.19,144.24,123.2
192.6,313.21,115.72
146.36,276.12,119.1
149.26,300.11,134.77
184.39,223.48,105.41
166.37,137.24,115.79
102.12,30.129,78.075
166.16,166.03,126.44
128.87,123.49,115.32
157.31,79.415,72.62
170.62,219.75,139.88
119.53,80.945,104.91
177.33,207.24,131.75
159.76,67.972,84.257
162.6,90.975,98.033
159.92,220.49,141.39
136.15,35.343,53.071
139.81,-18.278,53.004
140.76,245.03,125.42
202.64,348.97,127.94
143.6,38.275,99.085
171.7,335.36,163.12
184.23,212.64,123.21
166.94,206.84,89.145
173.51,348.16,165.62
133.33,141.34,77.904
109.87,-10.861,90.405
182.63,340.32,114.88
196.15,283.26,122.97
186.4,248.48,107.1
155.15,42.891,80.171
168.47,186.42,87.351
153.96,123.62,72.421
179.44,271.17,150.18
119.37,120.06,100.99
135.9,156.94,81.34
134.23,-12.727,46.726
137.09,166.63,83.748
112.73,72.67,72.251
120.64,131.31,99.388
150.65,304.12,139.26
116.12,51.83,100.42
143.53,6.9219,56.729
146.81,260.09,109.44
123.25,75.163,62.782
131.68,10.147,47.782
174.37,155.57,95.444
177.27,295.02,156.45
194.76,275,134.69
155.8,130.53,121.03
157.63,353.61,145.83
124.61,-28.734,87.76
150.6,61.316,64.696
108.7,-23.948,39.878
157.28,177.1,81.795
197.57,308.86,147.37
128.5,-21.343,42.279
141.85,204.69,131.1
178.58,314.85,160.58
167.24,192.28,87.315
107.98,31.006,59.057
106.23,13.216,53.541
140.01,94.2,115.1
151.02,20.931,73.272
157.1,329.78,124.61
124.64,0.26498,95.069
126.45,163.47,99.961
163.09,339.15,120.89
120.61,14.107,47.125
120.49,109.11,78.074
136.03,39.686,102.85
179.71,179.3,110.57
163.68,269.25,150.57
113.56,58.882,64.535
178.63,192.66,98.07
128,31.34,50.698
132.07,-37.657,80.515
131.66,104.83,67.728
181.29,320.41,161.54
165.74,283.8,174.09
153.41,337.52,159.66
153.63,232.93,162.58
123.26,-7.1095,113.69
184.53,307.23,177.36
146.59,134.62,92.976
114.91,0.38913,64.781
174.03,163.5,134.32
128.78,122.04,93.97
168.21,133.84,129.39
125.66,121.52,133.92
157.81,64.672,104.26
121.27,136.54,125.74
129.7,-2.093,113.39
150.26,187.39,154.48
142.8,50.159,122.95
141.44,131.82,92.371
131.77,-28.274,103.59
144.06,270.72,153.24
147.68,300.05,153.96
111.01,37.539,77.722
189.03,265.99,159.65
157.65,154.62,99.053
146.77,41.405,82.065
194.2,340.54,140.52
125.04,121.33,96.607
139.56,-14.019,74.683
114.13,62.932,120.68
132.47,63.671,77.899
130.67,93.543,134.03
135.17,205.12,144.48
197.87,298.36,151.75
140.54,-27.178,83.56
102.43,-15.988,106.58
159.96,121.98,135.23
180.42,213.55,122.09
194.28,284.1,158.3
150.26,222.07,112.88
154.93,205.11,158.42
120.84,113.41,128.36
189.26,303.13,133.72
140.62,226.46,151.91
163.42,354.29,144.76
124.49,86.996,130.43
199.54,318.04,165.17
117.54,45.775,76.361
109.17,59.352,114.03
149.63,265.76,126.87
199.53,339.02,146.09
136.58,167.75,145.84
166.79,328.7,134.69
171.93,147.49,115.35
189.26,300.32,133.54
187.42,346.28,137.55
154.5,78.825,91.006
103.04,-28.145,105.91
131.33,80.388,132.04
151.13,298.76,138.15
160.44,105.48,127.96
151.88,269.51,126.17
151.83,153.79,97.247
119.62,2.089,64.739
164.3,100.68,114.03
135.37,198.42,145.36
110.09,80.256,102.37
172.54,230.15,161.67
148.6,208.92,157.23
168.21,123.81,121.27
200.78,329.58,149.2
114.6,42.197,119.89
174.59,203.18,114.79
155.37,93.724,92.096
145.58,203.41,109.7
194.84,293.02,141.27
158.39,135.43,97.214
156.86,59.487,103.83
186.89,235.28,133.15
116.74,6.4689,116.14
171.55,150.9,113.08
159.8,271.68,170.42
116.48,116.76,113.02
163.58,332.31,179.5
109.84,-33.349,107.73
139.3,82.858,132.9
157.29,316.81,137.54
154.74,226.21,112.55
197.72,319.12,169.7
168.07,210.16,158.05
176.58,300.86,127.47
145.71,272.82,157.12
147.64,36.718,83.231
119.27,120.95,124.69
149.89,281.46,163.6
140.94,149.75,145.92
116.71,112.53,119.95
114.88,56.924,121.16
163.97,290.02,174.59
130.61,73.71,130.72
188.7,273.29,132.09
172.36,314.14,129.84
137.09,168.3,103.7
142.05,121.2,141.08
141.56,85.545,133.21
140.62,9.0402,110
139.07,26.604,74.565
103.67,41.46,90.767
153.8,64.106,90.73
129.44,0.27543,66.393
201.01,322.72,151.87
161.31,86.108,104.53
171.19,173.59,110.51
131.04,-0.007547,113.46
115.36,84.383,92.13
150.29,107.45,89.626
162.13,342.67,141.93
154.86,295.52,169.59
163.56,101.94,119.65
100.47,27.891,98.776
141.39,197.07,151.73
175.23,329.9,183.74
138.91,7.3826,73.259
161,308.25,131.91
110.92,13.971,114.87
152.58,36.837,96.279
187.4,237.18,134.29
110.96,-34.413,107.74
195.74,289.95,157.68
170.82,146.85,131.46
167.57,128.19,127.3
128.66,-7.6662,112.19
144.17,119.32,140.72
116.14,14.243,68.055
164.35,211.71,109.84
171.53,323.21,181.93
150.04,311.83,159.72
189.6,248.09,146.92
163.1,304.07,129.69
199.08,325.9,170.51
182.74,205.05,131.82
121.39,83.213,85.978
102.98,23.638,80.957
112.84,80.871,94.383
158.25,129.62,96.605
143.08,-13.676,90.264
137.26,183.54,147.44
129.7,189.09,124.84
175.67,343.55,135.87
138.84,138.83,143.58
133.11,75.968,131.48
197.21,312.52,167.45
125.19,-11.77,63.07
188.86,253.23,134
198.21,321.22,144.87
142.35,264.95,148.66
137.73,-26.721,96.929
152.31,223.7,160.78
153.95,61.483,116.32
175.76,227.86,159.22
157.09,329.07,142.43
156.1,250.67,166.03
176.73,175.41,134.96
150.24,23.76,94.917
173.73,308.63,179.62
140.07,-8.9288,102.58
155.7,348.72,156.16
193.25,286.85,138.71
115.52,103.45,119.51
135.86,191.32,113
153.87,175.24,21.627
151.4,300.08,16.077
147.11,245.33,-5.3197
136.58,214.92,5.0998
168.17,125.04,-25.862
142.34,-17.276,-32.677
169.37,172.29,16.699
164.29,303.48,45.768
130.61,180.98,-5.3086
183.97,210.59,-6.6874
135.35,44.651,-56.37
117.23,21.288,-12.905
146.33,67.901,-49.142
184.72,206.27,-3.6807
197.53,332.08,11.263
188.38,264.66,33.812
150.4,139.09,-36.882
141.48,240.62,14.519
114.91,-2.6318,-16.996
165.6,334.02,9.8884
150.54,18.013,-29.12
110.94,3.5552,-62.736
138.2,3.7242,-18.64
150.91,216.18,27.382
149.98,252.87,29.766
145.03,64.179,-50.225
146.97,3.6124,-48.288
146.37,24.459,-51.7
143.61,120.94,-40.876
192.33,340.2,8.7214
177.92,254.77,37.289
127.77,0.17787,-15.447
151.89,278.82,32.441
166.1,315.09,48.302
165.09,119.34,-30.317
201.11,314.21,16.072
135.8,203.03,9.383
139.31,91.392,-47.103
193.47,276.17,32.334
147.56,26.909,-50.306
136.61,212.19,-2.1509
164.5,305.6,1.5022
131.81,115.06,5.3492
152.64,31.419,-24.908
151.65,305.2,26.336
163.2,169.62,-28.474
151.54,185.55,23.139
197.92,279.38,17.562
167.43,360.88,53.724
117.79,17.524,-61.513
140.17,231.13,13.738
167.55,125.92,0.072829
106.54,47.845,-35.544
132.77,192.18,-4.5276
203.78,345.08,48.189
137.72,122.81,-39.545
160.85,251.18,36.661
208.51,364.05,49.42
142.89,80.988,-48.576
200.7,296.67,24.538
140.05,113.59,-42.277
174.58,235.86,-14.436
190.01,342.56,8.145
169.23,119.5,-7.5127
156.23,314.29,38.082
193.11,264.37,26.979
159.62,86.042,-7.3464
98.729,6.5075,-35.929
161.53,229.22,-17.832
153.5,295.86,34.36
184.1,239.66,28.561
163.5,157.33,15.409
185.71,231.58,23.296
192.13,249.89,20.188
186.68,238.19,-4.2592
128.22,158.74,-17.317
112.67,59.679,-14.957
136.49,179.57,13.069
160.25,138.78,11.437
143.17,226.31,-8.4714
167.26,356.37,53.28
137.08,70.623,-51.386
143.45,255.05,14.687
187.12,327.39,53.879
138,185.82,-19.457
189.06,253.74,-1.2073
158.73,344.41,24.404
182.44,194.77,9.3515
154.57,317.78,18.6
136.23,110.21,-42.416
125.54,111.65,-36.097
176.19,232.11,31.542
127.98,4.4649,-14.461
173.57,161.64,-20.188
172.69,244.06,35.94
150.06,200.42,24.92
122.14,131.71,-18.916
163.25,242.58,-14.909
137.91,222.87,5.449
165.33,195.75,-23.87
145.61,11.691,-22.721
159.31,329.69,15.022
117.09,25.86,-58.966
184.18,211.75,15.903
142.25,133.37,12.112
132.08,49.988,-55.78
104.42,-10.647,-23.705
133.39,181.91,8.1386
172.41,272.98,42.709
170.71,135.01,-22.263
141.59,244.15,11.826
170.11,377.22,21.295
163.75,278.54,42.019
168.62,110.46,-16.639
134.01,109.75,5.823
135.44,205.37,-3.7182
163.11,319.49,6.8724
103.98,34.953,-31.381
102.42,14.826,-49.424
162.6,80.309,-17.868
192.74,247.36,12.118
133.3,22.539,-60.434
204.87,353.03,50.148
143.45,201.11,-18.724
164.64,330.7,9.5065
171.04,253.17,-12.495
102.02,-5.6681,-59.059
139.21,16.13,-58.4
158.89,70.273,-35.905
179.8,182.46,-10.917
160.42,66.248,-28.155
204.21,320.55,32.093
204.63,321.53,28.125
179.35,279.69,43.492
167.16,219.58,-19.399
192.05,350.4,10.166
181.5,252.01,-8.6982
141.1,99.906,5.7575
106.76,44.651,-39.772
127.92,90.901,-44.759
166.24,344.44,51.46
144.02,186.5,20.06
128.12,23.799,-61.182
149.08,58.553,-48.185
122.51,-6.6551,-67.473
97.172,0.16515,-43.112
117.42,59.757,-48.275
142.17,247.45,12.94
156.7,256.07,-9.3959
160.26,174.11,21.034
202.23,369.52,18.534
162.21,97.879,-33.335
182.93,318.35,52.424
157.66,329.17,17.727
106.52,45.574,-38.098
144.91,257.83,20.477
150.52,59.588,-46.911
166.16,138.73,-29.121
129.73,7.7196,-13.974
148.86,156.14,-33.391
112.26,17.461,-59.095
147.81,95.586,4.0456
167.25,252.78,38.251
162.69,355.05,47.247
173.32,333.3,54.378
199.82,295.75,29.176
114.36,21.947,-58.856
161.03,323.92,44.88
169.3,272.87,54.763
139.27,155.22,16.213
145.45,27.502,-42.714
175.86,238.02,0.96622
147.36,184.19,28.374
173.63,205.47,-5.9305
122.39,54.572,-1.4476
158.02,247.01,13.776
135.9,107.31,-19.223
196.81,213.97,11.663
146.61,163.94,-7.7173
122.58,66.883,-4.4482
147.4,207.84,21.792
161.19,7.5319,-17.151
174.87,133.81,25.185
186.29,292.22,12.712
175.68,144.06,28.072
174.35,370.46,61.156
175.87,236.53,0.63753
129.35,84.46,-21.089
207.71,282.12,48.136
128.75,78.792,6.8076
141,152.99,-5.3458
170.71,91.4,-20.892
212.38,342.6,68.018
183.07,360.62,31.668
121.85,65.123,-15.446
146.44,89.655,19.863
111.47,3.7352,-15.012
131.02,115.85,3.1208
118.88,47.544,-20.623
144.74,85.461,-30.927
180.08,110.06,5.0812
184.55,293.64,64.002
147.89,210.9,22.027
166.66,135.62,29.537
195.41,224.01,39.911
154.07,-8.5278,-10.422
120.33,57.559,-16.26
142.42,45.367,-39.837
180.39,273.77,59.52
159.67,-2.062,-23.459
155.22,248.22,20.428
167.06,54.751,-24.17
164.07,35.635,-3.8755
145.49,-0.57637,-46.455
186.67,311.93,17.117
172.75,311.27,60.988
173.81,334.76,63.338
176.22,147.55,-13.356
159.69,271.38,42.302
163.34,87.49,17.337
146.81,72.376,-34.17
162.32,67.42,-29.719
114.42,25.928,-23.179
150.91,227.01,18.998
180.18,108.72,2.4256
166.44,56.005,2.7802
169.74,55.864,-17.795
222.31,360.96,58.238
163.24,301.35,34.374
171.07,109.52,-20.011
146.03,121.26,24.207
202.56,281.18,18.232
148.05,-2.2336,-2.2793
162.02,16.25,-11.8
172.83,140.61,-16.214
138.8,135.51,-10.538
174.58,354.13,64.339
165.07,32.945,-23.93
170.84,127.79,25.754
173.28,84.162,-16.413
143.22,131.32,-16.806
212,359.84,74.352
179.34,249.89,3.5137
186.12,176.94,31.181
208.07,287.48,50.233
123.33,73.8,-12.814
113.9,24.081,-17.228
198.3,222.97,34.698
141.48,85.509,17.607
202.24,233.38,24.328
138.17,136.2,-9.2523
203.84,249.59,22.142
135.86,118,-14.565
136.73,139.05,13.845
189.94,166.82,5.6252
155.13,178.85,-8.88
212.84,308.86,51.893
170.99,157.12,33.969
192.94,333.01,21.662
162.69,288.45,46.663
172.58,311.48,60.842
188.31,244.07,4.4838
188.77,155.54,9.8972
125.2,41.8,2.9473
192.65,183.09,22.842
160.74,135.66,30.266
159.95,100.01,-27.204
199.64,235.77,39.044
150.86,92.938,21.163
200.87,225.16,26.656
170.19,88.402,-21.486
178.93,110.58,-8.8923
192.24,234.58,46.869
135.35,54.381,-36.419
143.03,2.2894,-47.19
165.16,256.51,50.07
205.1,369.06,30.667
169.72,55.469,-4.8106
204.5,348.08,74.703
200.34,232.2,16.667
166.13,225.83,-0.10577
206.3,360.8,77.563
139.07,156.47,1.3416
142.67,1.9982,1.2913
182.22,358.02,31.393
202.96,303.68,20.376
188.64,268.88,8.5187
166.36,63.232,-25.81
168.05,206.14,-5.6653
153.2,142.91,-18.316
208.23,287.14,49.778
144.71,131.63,24.407
141.79,172.01,4.9045
134.27,7.2147,-47.77
143.33,181.57,7.5812
125.87,85.818,-1.3228
143.66,143.01,24.175
176.11,315.36,64.111
148.07,64.031,15.161
145.95,27.451,-42.586
158.44,273.4,36.361
127.83,90.689,-14.7
130.87,29.2,-41.774
180.51,176.27,-7.8751
208.31,309.81,59.743
210,294.55,29.009
184.5,146.79,19.359
181.11,364.77,72.77
154.05,-12.889,-12.596
151.44,81.601,-32.116
111.26,-7.7045,-39.262
156.76,195.43,-4.6133
217.04,327.47,42.49
127.84,-1.934,-49.086
173.26,216.65,47.428
210.1,329.25,65.283
166.54,211.69,-4.0132
117.72,44.925,-15.248
114.53,27.504,-21.276
171.89,108.78,18.656
160.84,41.397,-32.11
169.55,342.66,52.869
156.01,15.14,-2.3563
145.58,175.58,26.153
170.99,353.15,47.803
121.54,31.254,-34.897
132.2,122.58,4.2148
166.09,55.317,2.9587
191.97,199.5,4.3536
196.46,282.54,59.401
122.92,72.917,-9.996
182.07,213.28,-2.5709
127.92,49.216,-33.909
156.08,-19.912,-24.183
134.73,120.96,-11.312
212.29,335.11,65.252
211.49,295.64,78.693
187.98,347.32,83.537
199.54,244.32,69.12
167.3,6.4165,11.761
225.92,321.65,73.462
159.4,151.1,3.8677
129.46,15.622,-19.886
203.92,181.42,23.747
147.4,135.64,13.532
199.03,151.59,18.781
170.11,131.94,46.345
181.54,83.494,-5.2999
160.2,146.51,45.061
171.63,12.463,8.396
196.01,199.52,57.685
182.99,65.429,16.074
155.29,147.52,6.1037
169.48,-12.273,-4.6144
182.83,280.48,73.697
183.4,309.88,76.689
131.18,50.622,-1.5887
222.05,283.05,50.449
169.94,172.24,4.9903
161.2,60.219,-19.455
207.24,358.5,44.245
146.22,134.14,17.749
156.05,4.9907,-29.543
158.23,73.26,33.847
145.5,79.954,-10.427
176.6,105.28,38.944
176.45,215.05,61.954
220.98,316.9,44.036
163.59,-8.37,-25.339
147.54,-5.3846,17.571
197.4,138.15,26.479
196.62,232.53,18.277
223.61,301.84,49.063
166.74,236.39,30.902
200.48,217.47,60.695
163.63,123.52,43.693
202.57,321.33,36.069
183.38,236.47,67.763
184.85,366.5,68.509
170.16,98.033,38.891
228.89,335.65,56.542
134.62,59.921,-5.327
150.55,69.34,31.15
171.04,278.3,49.053
214.99,357.54,45.07
181.81,178.46,56.237
183.47,342.58,54.599
191.86,166.58,7.7802
202.71,318.58,35.482
199.61,363.18,46.992
169.37,97.728,-11.317
148.71,-17.188,14.758
177.07,92.593,34.914
176.27,310.25,62.111
194.72,122.49,17.934
172,282.42,47.728
164.38,170.56,7.0123
132.92,18.097,-22.527
189.4,119.36,4.0108
177.76,208.43,61.453
142.03,90.823,24.857
213.84,244.87,56.419
194.49,220.23,64.24
194.85,142.27,10.897
218.78,348.26,45.225
160,53.006,29.668
188.47,221.83,14.535
169.37,112.45,-8.6492
162.83,217.46,28.346
212.55,311.84,36.915
171.11,153.63,0.075661
181.01,78.263,-5.8693
206.57,254.25,26.337
162.55,18.493,19.799
189.83,170.02,6.791
205.7,282.96,77.561
150.32,127.09,34.987
208.78,342.6,91.881
155.58,-21.268,11.189
183.54,96.32,31.101
178.99,329.09,60.724
169.62,241.24,28.562
230.23,336.1,61.339
209.94,224.7,53.174
189.05,317.36,38.613
186.35,282.56,76.034
163.03,55.68,-19.822
159.42,130.9,42.998
192.85,291.33,79.869
186.87,161.5,50.784
155.24,122.51,39.557
159.66,67.449,32.808
209.86,301.42,81.145
176.29,85.993,33.274
203.84,292.01,30.427
186.06,329.54,45.125
155.7,181.89,23.323
187.3,133.94,41.836
185.24,99.325,30.392
176.93,25.493,0.85108
151.89,44.855,-22.911
133.34,52.361,13.633
170,83.157,-13.438
141.72,17.875,-27.532
221.25,341.38,46.068
182.46,105.15,-3.8372
185.87,192.44,8.607
172.52,14.737,7.9602
139.31,96.459,14.342
162.64,125.24,-5.2902
183.13,355.05,65.264
199.18,305.61,83.704
192.24,120.09,9.0195
137.12,37.942,19.656
186.55,207.71,62.504
220.66,341.94,87.676
152.71,26.018,-26.869
179.11,321.68,52.743
156.57,24.963,23.556
175.03,55.769,-12.698
207.51,256.14,27.214
156.54,-22.125,10.343
223.82,307.88,48.611
201.17,164.69,20.857
197.75,146.08,16.661
170.58,6.8871,7.2133
188.89,132.48,39.96
131.2,29.234,-15.904
176.67,228.8,18.294
217.28,334.84,87.47
187.77,321.48,81.576
216.14,266.4,37.393
179.73,318.07,49.072
231.17,342.94,62.208
205.3,223.92,23.064
140.21,96.744,5.7026
128.27,35.374,3.6267
139.09,92.427,17.076
171.15,147.93,-1.2338
168.52,4.8902,-19.552
181.89,193.99,59.563
161.36,199.66,47.524
189.72,358.61,52.438
184.78,150.56,48.518
178.49,88.588,32.69
229.02,329.68,58.862
137.45,5.5297,-29.416
206.99,272.18,28.634
214.83,339.9,42.11
179.16,274.82,70.273
169.76,-9.2884,-13.18
198.23,235.15,67.065
186.42,78.901,5.9075
215,243.33,52.188
180.79,340.78,66.586
201.99,261.96,73.091
205.32,193.54,24.473
173.56,42.605,-14.397
218.86,321.04,82.036
173.49,8.2258,-7.4092
186.54,358.95,81.195
210.27,305.67,34.922
154.87,113.41,38.496
158.49,203.69,34.924
116.54,197.04,-49.5
99.747,319.72,-32.542
87.999,266.58,-55.18
89.173,234.2,-45.476
102.38,153.27,-103.02
91.13,9.4073,-115.04
125.7,197.09,-63.258
128.04,323.28,-16.849
81.13,200.51,-55.277
118.82,238.8,-84.26
65.202,70.679,-119.35
80.596,41.733,-78.259
76.101,94.924,-116.77
121.68,234.47,-83.069
129.47,359.35,-59.394
142.71,290,-46.984
80.441,164.79,-98.486
96.526,259.68,-37.096
78.422,18.094,-83.8
103.74,355.91,-40.647
96.478,45.259,-111.71
46.084,26.545,-115.88
94.815,28.414,-98.297
114.13,236.39,-36.749
111.55,272.15,-28.527
74.76,91.117,-117.41
83.002,31.77,-126.67
78.496,52.391,-125.66
74.341,146.05,-100.31
123.11,366.62,-56.907
137.7,278.28,-39.456
89.084,22.942,-90.013
112.34,297.81,-23.513
129.96,334.83,-14.149
97.724,147.43,-105.49
136.89,342.07,-60.681
92.35,222.1,-43.563
69.81,116.69,-107.19
144.66,302.29,-49.416
80.063,54.909,-124.91
84.897,232.01,-51.552
100.22,328.35,-50.975
94.762,135.19,-58.169
99.518,58.517,-107.6
105.91,324.12,-23.929
92.822,196.43,-94.949
114.74,206.66,-45.271
138.53,307.19,-63.082
130.21,379.72,-3.5112
50.87,41.363,-116.9
95.891,250.17,-38.404
118.1,152.3,-82.382
55.699,67.53,-85.088
82.263,211.84,-54.215
156.29,370.73,-32.515
70.452,146.81,-95.38
124.44,271.88,-30.084
158.98,390.11,-31.444
72.602,107.17,-112.16
143.48,324.19,-56.636
71.378,138.32,-100.38
104.39,262.56,-80.537
120.74,368.58,-55.562
115.22,146.78,-90.304
115.99,333.05,-16.177
142.1,290.98,-55.22
110.95,112.24,-89.601
53.195,25.586,-87.157
92.772,254.03,-76.249
113.23,314.71,-20.31
138.38,265.05,-52.393
121.72,181.47,-63.037
137.06,257.72,-58.742
138.4,277.03,-62.179
119.92,266.23,-79.665
73.778,179.04,-66.651
72.276,78.838,-70.989
97.336,198.9,-44.835
118.41,162.95,-67.071
84.711,247.42,-58.228
130.21,375.28,-4.4651
67.295,96.176,-112.43
96.837,274.18,-35.888
148.59,350.13,-20.719
77.523,207.47,-70
122.25,281.71,-76.293
106.59,364,-23.549
129.14,221.91,-73.383
102.16,337.49,-29.72
68.647,134.35,-98.69
64.219,133.53,-87.031
134.83,256.08,-46.446
89.471,27.126,-88.697
106.78,189.8,-96.125
133.79,266.94,-39.005
113.36,220.92,-40.632
70.54,151.53,-68.453
94.713,267.27,-72.915
89.698,242.22,-44.763
94.972,222.17,-88.544
97.257,37.779,-104.73
102.49,350.25,-33.508
51.167,49.27,-113.18
133.05,238.47,-66.678
105.41,154.52,-56.407
62.557,75.331,-116.05
66.834,8.8751,-83.866
91.635,201,-46.398
135.18,294.87,-29.006
105.69,163.26,-100.2
94.601,263.34,-38.696
110.44,398.4,-27.719
127.54,298.91,-23.372
109.85,138.4,-98.442
97.25,130.31,-59.99
83.632,225.2,-53.133
101.25,341.41,-43.763
57.513,54.144,-82.337
46.824,35.292,-98.566
107.17,107.81,-100.49
134.04,275.18,-69.211
63.082,48.86,-124.75
157.64,378.61,-30.402
80.8,223.38,-70.343
103.06,352.51,-40.882
101.29,278.84,-74.129
42.337,15.715,-109.04
69.514,43.43,-127.8
93.907,98.513,-113.8
115.51,210.71,-89.441
100.32,94.3,-109.36
148.76,347.77,-49.143
146.5,349.06,-52.322
140.42,302.61,-31.576
97.023,245.62,-82.429
122.87,376.5,-53.998
111.86,279.22,-77.755
103.59,121.85,-65.929
53.506,64.709,-89.006
62.519,114.11,-98.489
129.37,363.5,-7.1428
106.91,206.53,-42.916
58.493,49.268,-121.97
79.685,86.139,-119.19
52.989,18.79,-128.24
48.063,19.564,-92.781
55.038,81.942,-99.728
95.45,266.61,-37.666
91.875,279.05,-62.501
121.22,197.04,-54.044
134.25,396.48,-50.706
95.559,126.05,-109.47
145.27,340.63,-20.72
102.96,349.27,-30.482
54.291,65.465,-87.419
101.35,276.78,-31.852
81.497,87.315,-118.91
97.53,166.6,-102.15
90.834,30.592,-88.874
79.886,181.07,-92.141
48.12,40.199,-111.66
108.1,118.86,-72.038
130.23,274.44,-32.507
123.02,373.61,-6.5661
137.7,353.56,-10.967
145.8,322.82,-52.649
49.482,44.951,-112.05
123.09,342.88,-12.31
140.35,293.44,-17.777
103.68,175.23,-47.948
83.144,54.628,-117.64
114.85,263.87,-69.029
114.92,204.27,-38.869
111.76,231.94,-78.165
88.736,74.572,-67.256
108.27,268.82,-46.768
83.214,129.9,-80.958
139.95,243.08,-77.331
93.543,186.64,-69.614
85.879,86.909,-67.755
108.66,227.97,-40.258
113.18,35.971,-110.59
138.79,159.64,-66.123
125.33,318.15,-57.71
140.3,169.66,-62.757
139.35,389.82,-0.45521
114.78,262.43,-69.523
79.061,106.45,-82.016
165.04,309.51,-44.914
96.625,98.918,-60.908
91.691,174.76,-66.077
110.53,120.3,-106.03
175.61,368.44,-22.776
128.49,383.59,-30.216
78.574,85.786,-76.119
117.51,111.74,-59.871
76.424,23.636,-79.151
92.68,135.98,-59.29
74.637,68.343,-81.104
84.696,110.71,-98.89
132.37,138.51,-88.659
156.04,315.83,-16.636
108.91,231.05,-39.892
135.01,159.72,-57.448
155.68,250.83,-52.975
113.36,18.522,-103.56
77.575,78.145,-77.016
80.975,71.485,-110.73
151.83,295.9,-20.719
108.93,26.7,-116.07
110.16,269.09,-39.705
109,83.86,-112.14
121.17,63.207,-97.601
83.39,27.277,-125.01
126.59,337.3,-51.407
143.42,331.37,-8.9767
143.56,354.49,-4.083
114.4,175.93,-94.673
125.23,291.16,-21.805
129.19,112.65,-72.497
85.459,98.41,-104.74
100.7,95.88,-111.55
71.558,46.502,-83.782
107.87,247.6,-41.538
130.91,137.38,-90.992
125.32,83.195,-90.665
114.98,84.988,-108.66
175.47,388.83,-33.524
120.27,321.77,-25.38
109.71,138.11,-102.71
117.02,142.45,-51.245
142.38,309.69,-65.114
113.25,23.145,-92.571
116.38,44.327,-105.56
110.61,168.73,-95.914
88.331,157.54,-71.53
143.02,373.59,-0.71636
109.61,62.069,-114.2
136.58,152.99,-64.17
115.99,113.32,-105.28
88.199,154.6,-79.755
177.71,384.9,-14.901
118.05,275.96,-67.302
147.31,203.55,-61.519
166.15,314.7,-42.664
80.575,94.393,-73.606
75.056,44.201,-79.138
154.73,250.65,-58.948
112.64,106.97,-59.248
150.33,262.24,-67.758
88.591,158.03,-70.041
148.71,278.6,-67.86
85.127,140.1,-75.625
101.71,159.05,-50.79
135.15,195.96,-85.277
98.043,202.83,-73.364
168.92,336.42,-40.903
139.18,181.31,-53.253
132.36,358.79,-48.377
128.74,308.17,-17.557
143.17,331.56,-8.9529
126.13,271.7,-72.948
137.96,184.38,-83.037
94.837,62.202,-67.588
146.57,211.27,-71.008
130.89,158.71,-53.255
97.467,127.35,-102.99
157.33,263.17,-54.373
121.44,115.63,-61.044
151.48,253.77,-66.413
110.04,117.3,-106.65
122.67,139.76,-98.714
156.63,260.22,-43.971
76.831,78.918,-102.34
80.77,29.726,-123.63
135.7,276.96,-21.476
144.12,395.7,-43.118
123.14,83.731,-98.639
173.21,372.04,-11.909
144.16,261.27,-72.726
107.76,250.3,-65.841
175.23,384.67,-8.7783
94.082,177.4,-59.164
110.94,26.153,-85.844
127.9,380.91,-30.324
141.98,331.74,-60.137
126.65,295.89,-66.095
106.66,92.189,-111.65
107.56,231.64,-74.446
93.905,167.79,-85.187
166.01,314.42,-43.163
115.18,152.41,-48.644
97,192.91,-55.602
73.18,33.116,-117.94
99,202.4,-52.955
88.652,105.88,-64.342
113.18,163.43,-46.382
147.6,335.75,-7.9565
118.16,87.137,-68.569
83.614,54.653,-117.85
120.35,293.34,-25.328
81.329,111.89,-75.148
72.308,53.755,-107.74
118.53,204.54,-88.499
170.26,336.06,-31.895
153.68,323.39,-59.187
141.4,174.42,-74.47
152.39,384.6,3.523
112.38,14.375,-105.92
89.488,108.13,-104.52
62.09,13.967,-99.646
100.47,219.12,-68.427
164.57,356.06,-47.82
68.218,23.115,-116.48
143.94,239.33,-34.777
173.35,355.11,-25.618
106.92,236.72,-71.364
77.348,65.212,-76.637
72.692,47.943,-82.123
134.68,134.95,-73.327
100.43,70.201,-116.62
132.98,362.22,-8.3548
117.76,41.585,-94.741
112.94,195.65,-40.868
129.96,373.12,-11.505
69.222,53.729,-96.378
93.666,142.73,-58.098
125.23,82.448,-90.423
132.94,228.51,-82.337
163.38,307.26,-29.239
82.112,93.269,-71.314
119.68,240.84,-79.476
73.133,72.407,-96.665
107.32,8.5868,-117.26
86.029,142.6,-71.947
174.48,361.25,-26.05
185.91,321.41,-21.381
166.05,367.9,4.9124
175.35,269.56,-29.63
136.15,33.99,-92.07
191.41,349.79,-30.141
111.87,175.42,-70.471
86.195,38.709,-92.046
156,211.48,-77.451
110.07,157.53,-58.088
151.83,181.66,-83.038
148.56,155.58,-47.093
129.41,113.33,-101.8
138.77,168.3,-39.735
136.84,40.895,-96.37
169.54,225.67,-43.432
145.6,94.392,-88.973
110.43,171.05,-66.793
129.26,17.074,-109.06
162,301.96,-10.149
161.63,330.76,-3.525
95.808,72.194,-73.363
177.5,312.71,-51.738
118.79,197.93,-72.693
106.93,87.927,-104.05
155.26,384.78,-35.564
111.95,155.58,-54.339
101.66,33.423,-117.46
136.89,96.695,-58.819
98.652,104.06,-84.324
151.37,130.96,-61.023
155.67,237.33,-25.714
169.55,346.24,-50.7
111.35,21.289,-120.92
125.59,18.638,-77.356
156.63,167.64,-78.198
142.26,260.85,-69.15
176.12,331.54,-50.793
126.72,258.72,-40.489
173.24,243.88,-40.983
142.66,146.37,-46.528
149.91,347.98,-44.93
162.72,259.18,-22.049
152.45,387.22,-1.7948
147.02,122.75,-58.274
181.81,365.18,-42.868
95.271,82.17,-76.892
129.62,91.714,-56.841
137.62,299.45,-22.408
161.86,385.1,-39.809
159.57,202.65,-39.21
144.84,364.4,-15.527
138.01,195.9,-84.817
149.91,345.35,-45.911
150.66,387.9,-28.03
114.93,125.65,-96.787
125.81,7.4189,-82.118
150.36,118.84,-66.442
146.93,330.88,-10.415
150.63,152.36,-85.668
137.15,303.76,-23.371
115.92,195.19,-67.996
86.987,41.907,-95.817
138.06,149.3,-93.715
156.98,231.08,-27.95
117.12,111.8,-53.118
178.38,273.38,-48.13
170.58,245.34,-34.142
144.5,172.3,-88.076
165.73,376.61,-43.47
137.49,77.361,-66.344
134.59,249.19,-68.768
115.26,139.95,-92.388
123.83,239.61,-43.08
159.03,340.29,-51.873
118.32,180.15,-80.166
129.13,108.13,-102.75
153.03,283.37,-65.541
136.42,44.52,-81.023
135.51,199,-83.8
181.88,308.03,-20.73
126.58,148.19,-44.588
187.8,366.24,-2.0648
129.26,4.8157,-89.736
152.63,123.86,-72.762
146.45,349.96,-10.177
127.04,264.14,-43.296
185.81,365.53,-39.889
175.18,253.1,-51.459
141.42,341.61,-35.328
166,304.45,-10.156
108.53,83.8,-106.17
138.29,152.96,-43.328
172.63,313.93,-9.7674
161.6,187.2,-49.213
133.66,144.23,-44.768
137.87,91.293,-61.415
185.66,326.65,-17.569
149.34,112.33,-68.284
150.03,319.75,-54.724
142.08,352.64,-26.523
118.41,203.77,-48.251
158.84,160.77,-60.781
153.23,127.15,-73.875
135.01,55.109,-103.4
98.97,71.468,-103.47
106.87,73.258,-62.597
115.42,111.58,-101.13
90.67,43.519,-105.11
168.8,370.21,-45.416
129.06,134.68,-97.806
131.54,220.25,-76.425
137.04,43.311,-96.891
107.9,117.58,-58.718
110.99,151.16,-83.645
150.13,375.89,-5.0778
178.62,328.78,-8.397
143.33,150.18,-91.444
114.89,59.325,-62.521
164.49,231.79,-32.616
194.41,367.89,-12.694
98.835,53.349,-110.02
142.21,343.23,-17.612
133.56,49.614,-73.429
122.27,85.454,-107.95
154.14,285.32,-65.138
129.55,4.1924,-91.112
175.45,337.55,-50.314
153.59,194.75,-80.661
150.01,176.15,-84.771
135.79,35.314,-97.528
159.02,159.73,-63.436
88.795,52.122,-87.866
127.19,253.79,-57.539
192.31,360.35,-11.908
167.02,342.59,-0.56694
166.26,296.2,-60.888
140.71,340.03,-21.407
186.46,372.36,-38.71
152.76,253.55,-72.099
103.16,118.59,-65.928
98.224,56.361,-69.953
109.82,113.4,-57.103
118.05,174.64,-82.109
117.58,34.78,-117.35
160.3,217.71,-34.225
136.35,220.59,-30.123
146.85,381.37,-18.484
159.57,176.23,-51.425
150.43,115.29,-69.669
183.91,359.17,-42.092
87.309,30.779,-105.91
153.15,300.91,-61.175
161.49,367.93,-44.801
157.53,296,-11.458
123.84,20.627,-115.4
173.88,260.46,-31.872
140.64,108.9,-96.822
176.77,272.34,-52.366
150.45,361.38,-4.8767
178.13,287.05,-25.256
156.44,223.59,-75.828
121.27,72.375,-110.46
191.39,347.42,-19.274
128.74,38.097,-110.43
162.4,379.24,5.8194
156.58,333.97,-53.004
133.55,135.29,-46.809
125.86,224.91,-37.505
41.051,216.84,-78.42
27.503,333.48,-35.594
9.0662,280.74,-54.386
19.021,248.46,-52.699
0.51401,174.96,-118.21
-2.5926,32.409,-143.42
39.494,219.37,-94.679
58.901,340.75,-40.141
9.7283,214.62,-60.718
17.184,260.6,-100.17
-30.941,88.525,-121.23
9.3937,59.951,-103.34
-23.109,114.04,-122.06
20.538,256.76,-101.68
30.013,379.28,-68.31
54.37,312.53,-77.743
-14.658,182.26,-99.467
27.638,274.2,-46.66
6.3937,36.708,-110.05
22.2,370.28,-38.594
0.36071,68.346,-138.43
-39.513,41.65,-113.84
9.0283,50.608,-129.68
43.59,254.28,-60.826
43.494,288.45,-47.217
-24.199,110.12,-122.33
-18.219,53.786,-143.94
-22.949,73.227,-137.14
-18.807,162.92,-100.12
25.998,385.18,-61.351
56.293,299.64,-70.7
10.296,43.702,-120.62
44.906,313.48,-39.748
61.028,352.25,-37.394
-4.1075,168.6,-118.21
36.522,363.64,-76.577
23.784,236.97,-55.071
-23.946,133.74,-107.33
53.233,325.1,-78.88
-21.499,75.919,-137.12
12.102,245.98,-55.146
15.514,343.27,-48.818
24.419,152.91,-81.625
4.0782,81.624,-135.01
37.275,338.28,-31.985
-5.7551,215.23,-99.282
41.436,225.72,-72.518
39.472,329.78,-84.964
63.798,395.72,-22.193
-37.809,57.101,-115.22
27.195,264.83,-48.79
25.704,175.31,-111.96
-16.499,81.532,-89.347
10.236,225.88,-58.794
66.582,393.25,-62.047
-18.791,162.67,-93.801
52.504,290.48,-56.339
67.566,412.69,-59.794
-24.039,125.18,-114.4
45.793,346.91,-80.298
-20.436,154.81,-99.588
6.1934,281.26,-84.705
24.829,386.61,-58.547
19.01,169.93,-117.22
49.119,348.25,-30.716
48.646,313.94,-83.608
19.307,135.19,-119.53
-15.902,40.006,-96.059
0.68116,270.61,-75.631
46.061,330.03,-35.134
49.909,287.62,-83.244
37.979,203.32,-94.546
45.575,280.62,-88.523
42.693,300.05,-88.955
18.412,287.45,-92.934
-1.1332,193.01,-68.447
4.1334,94.532,-86.749
28.959,215.09,-62.775
34.581,184.81,-98.584
6.362,261.54,-57.773
63.606,391.42,-23.636
-27.31,113.49,-113.11
27.313,288.43,-43.617
69.913,370.9,-51.451
-2.9359,221.82,-68.835
20.921,302.85,-89.296
34.397,377.57,-25.795
33.533,245.03,-100.71
29.519,351.17,-32.069
-21.125,150.34,-97.236
-17.158,148,-85.617
51.714,277.8,-77.88
11.039,47.794,-119.17
4.9019,211.17,-109.77
54.589,287.8,-69.756
41.975,239.19,-65.818
-2.2551,165.54,-72.219
3.0651,283.73,-72.136
19.142,256.38,-51.197
-2.4244,240.49,-91.554
6.0243,60.659,-134.68
26.234,364.02,-33.193
-35.965,64.678,-111.26
39.25,261.53,-95.275
31.992,173.61,-83.704
-31.341,92.429,-116.32
-1.7656,25.677,-104.48
23.378,216.3,-60.17
59.387,314.84,-58.429
3.9308,185.17,-116.47
24.811,277.58,-46.145
31.614,412.33,-25.938
56.649,317.14,-48.754
10.515,161.31,-121.57
25.645,148.66,-85.329
10.754,239.17,-56.678
19.642,355.8,-41.784
-12.147,68.497,-90.44
-28.875,49.223,-99.481
9.9579,130.92,-126.37
35.076,297.96,-92.038
-33.974,67.071,-127.58
68.228,401.08,-59.981
-2.0695,238.05,-68.586
21.838,366.83,-38.9
6.3302,296.32,-75.263
-37.127,29.909,-107.96
-30.417,63.03,-134.73
-7.8074,120.41,-130.06
13.936,232.76,-106.61
0.3227,117.06,-131.2
52.422,370.5,-73.978
48.564,371.59,-74.861
61.123,323.51,-62.402
0.85757,263.48,-84.353
26.731,394.66,-57.38
12.194,298.73,-84.475
27.593,141.81,-95.149
-20.395,78.646,-91.493
-23.889,129.38,-96.539
62.353,379.87,-27.065
36.872,224.1,-65.929
-35.813,66.507,-122.55
-21.054,106.18,-127.51
-41.221,36.023,-128.87
-22.85,33.586,-98.24
-27.514,96.563,-98.02
25.816,280.87,-45.347
6.3301,294.14,-60.46
41.812,217.95,-84.799
35.775,416.02,-58.62
-6.3222,147.47,-123.35
68.209,360.99,-50.924
28.584,362.94,-31.285
-18.861,79.417,-90.622
33.098,291.48,-42.832
-19.587,107.62,-128.22
-3.9102,187.19,-112.46
11.665,51.445,-119.59
-12.592,197.74,-91.631
-36.539,55.14,-109.66
27.517,140.04,-103.11
55.234,294.14,-61.357
56.879,388.69,-21.136
67.296,371.76,-36.688
50.211,345.7,-78.836
-36.161,60.069,-110.03
56.133,358.87,-30.495
70.567,313.56,-53.106
34.076,193.11,-72.813
-14.529,75.683,-133.41
21.381,283.56,-81.959
45.808,222.97,-68.038
16.18,252.26,-92.214
19.593,92.89,-94.583
29.811,285.83,-59.888
1.6718,147.26,-93.084
37.479,267.95,-107.02
11.595,204.05,-81.617
15.944,104.57,-91.274
37.933,245.3,-61.544
14.827,61.982,-149.24
51.24,184.97,-110.83
31.631,337.96,-70.994
53.598,194.85,-107.55
71.858,407,-23.806
21.152,282.17,-82.529
-0.061065,123.57,-95.079
71.157,335.37,-86.697
27.453,117.75,-90.626
13.468,191.82,-79.622
7.9352,144.13,-130.75
87.837,393.63,-66.654
45.352,401.01,-41.242
5.1495,102.78,-93.477
43.078,133.83,-100.55
7.2606,41.508,-104.35
22.034,153.41,-81.098
0.57052,85.288,-97.698
-6.6829,129.83,-110.94
34.064,164.6,-127.73
81.366,338.17,-58.261
38.073,248.34,-60.923
53.754,183.83,-101.77
64.217,276.62,-96.513
20.973,44.388,-146.66
4.5126,95.153,-94.771
-13.409,91.427,-124.06
77.369,318.13,-62.011
8.9407,52.507,-152.36
35.687,285.95,-55.526
6.242,108.46,-140.31
26.666,89.254,-139.74
-16.464,49.325,-143.6
34.811,356.58,-63.843
74.994,350.79,-42.15
76.067,373.22,-34.785
12.972,198.74,-115.49
56.557,309.02,-47.355
44.102,137.56,-117.34
-8.643,118.26,-117.89
-0.90096,118.82,-132.88
-1.4962,63.469,-101.35
34.728,264.55,-58.948
31.568,163.4,-128.82
32.404,109.15,-133.73
12.945,110.35,-141.09
79.125,414.37,-71.682
47.677,338.5,-42.251
7.7625,161.29,-124.84
45.313,163.38,-88.705
40.941,333.04,-88.492
27.356,48.183,-137.33
19.692,70.406,-145.97
9.9259,191.09,-115.28
9.0207,174.68,-84.523
76.017,391.68,-28.821
7.4154,87.272,-145.73
51.362,177.93,-109.01
13.27,138.15,-134.6
4.0253,172.31,-91.289
92.904,409.65,-59.227
23.84,295.88,-80.665
56.707,229.28,-105.51
72.955,340.51,-84.809
7.4879,111.41,-91.387
4.3332,61.493,-100.25
59.756,276.68,-100.6
40.139,128.28,-97.846
49.763,287.91,-102.91
10.111,175.11,-83.45
46.95,303.72,-99.408
5.566,157.26,-88.503
32.241,177.06,-76.369
33.088,221.33,-117.71
11.243,220.98,-84.715
74.219,362.22,-81.7
57.637,205.48,-97.65
39.216,378.49,-61.621
60.377,326.06,-43.507
74.804,350.93,-41.954
26.928,293.44,-90.65
37.724,210.27,-119.53
25.232,81.788,-100.53
49.474,237.38,-111.2
53.286,181.86,-96.16
-0.90411,148.64,-119.29
63.492,289.12,-96.656
45.029,138.41,-103.25
52.269,279.69,-103.91
7.4355,141.14,-131.4
20.136,164.84,-129.4
69.747,285.42,-88.625
-12.023,97.471,-113.84
-17.846,51.195,-140.54
66.152,296.82,-55.739
48.24,416.43,-58.887
25.663,109.84,-138.5
92.474,396.04,-56.189
41.964,286.24,-103.15
19.141,268.81,-77.303
94.852,408.59,-53.001
19.413,194.36,-75.302
29.52,50.3,-130.23
45.074,398.28,-41.389
41.743,354.32,-80.899
29.424,316.85,-81.828
3.9811,116.21,-137.18
15.289,250.99,-86.808
3.8238,186.61,-96.901
72.56,340.25,-85.155
44.613,172.68,-83.987
22.489,209.87,-71.869
-20.457,52.858,-130.96
24.83,219.36,-69.536
18.498,123.46,-87.318
43.481,183.03,-79.267
78.466,355.74,-43.219
40.369,110.34,-111.59
-14.301,75.802,-133.86
50.373,310.56,-46.762
5.5058,128.84,-90.276
-16.612,72.322,-119.24
17.432,227.15,-108.7
80.938,361.49,-75.585
52.146,348.03,-88.63
46.663,200.5,-116.55
84.911,403.82,-29.51
19.109,40.301,-148.55
-6.2759,128.49,-118.64
-15.801,30.927,-113.02
14.727,237.08,-79.788
64.72,381.25,-81.3
-22.465,42.084,-128.38
67.614,262.1,-77.047
85.525,380.33,-69.587
16.266,255.68,-83.223
5.7555,82.374,-96.384
0.29026,64.969,-100.53
45.791,160.47,-117.81
-1.9449,93.866,-140.71
64.498,379.31,-30.411
27.801,67.225,-138.86
43.808,214.29,-69.741
59.188,389.71,-29.284
-11.868,71.016,-108.55
22.927,160.13,-79.708
32.551,108.38,-133.6
30.252,252.76,-108.93
79.913,331.83,-73.876
10.218,110.41,-90.726
20.667,262.44,-96.661
-10.73,90.064,-108.21
8.6086,34.505,-155.17
8.344,159.62,-85.806
85.572,386.59,-69.646
100.97,349.05,-79.306
97.877,389.63,-39.425
92.368,296.83,-87.459
44.39,62.709,-149.22
97.136,378.47,-84.971
26.255,196.19,-95.256
5.3466,58.847,-117.94
52.702,239.61,-121.92
34.265,177.48,-87.379
48.696,209.96,-128.43
71.104,181.37,-102.67
25.823,140.21,-140.1
66.988,191.72,-88.969
41.59,69.901,-151.88
83.219,253.61,-101.56
48.123,123.5,-143.04
27.844,191.4,-92.211
29.947,46.037,-160.87
91.312,325.11,-59.065
92.555,352.93,-49.145
21.445,92.162,-104.02
76.217,341.09,-99.097
28.157,219.64,-97.648
9.3554,111.56,-132.13
62.591,407.08,-61.561
38.249,175.62,-85.928
1.8391,57.973,-147.94
60.103,122.27,-113.96
13.856,124.7,-109.22
66.786,158.57,-119.09
82.554,261.53,-77.5
67.662,372.63,-88.131
8.2654,47.921,-158.45
46.862,44.84,-133.79
56.723,196.67,-129.82
42.777,285.27,-99.277
74.023,359.3,-94.54
48.946,278.62,-67.891
85.954,271.98,-99.038
67.736,171.27,-100.09
55.936,370.62,-71.38
88.306,283.97,-75.503
81.382,406.76,-33.258
65.896,149.57,-115.6
80.323,392.82,-86.545
17.905,102.11,-104.85
56.177,116.01,-108.77
64.994,319.32,-54.074
64.998,408.81,-68.833
80.264,228.99,-95.836
68.963,383.94,-42.872
35.592,221.73,-119.11
55.559,368.1,-72.556
63.474,408.87,-52.41
16.647,149.53,-125.41
45.064,34.163,-139.39
63.713,146.84,-124.6
76.854,351.01,-45.491
48.789,181.12,-134.37
63.638,323.54,-53.856
29.133,216.16,-92.681
3.2999,62.377,-120.84
34.304,176.52,-133.42
82.729,255.76,-81.018
47.015,133.39,-95.068
82.756,302.33,-103.06
88.063,272.5,-91.88
40.723,199.85,-129.34
66.471,401.36,-75.382
57.604,103.86,-123.22
38.15,272.47,-96.141
18.357,163.35,-119.94
46.826,259.51,-71.155
59.329,365.07,-83.55
24.721,202.58,-105.96
25.481,135.12,-141.48
51.313,309,-99.496
50.569,72.373,-139.15
34.011,224.29,-116.3
99.488,335.17,-78.456
56.356,170.2,-88.47
110.46,392.17,-58.384
43.19,32.698,-147.82
61.042,152.58,-130.09
74.889,369.67,-41.992
46.934,284.19,-69.405
85.252,393.64,-86.622
80.039,282.07,-106.89
55.979,362.27,-59.751
94.17,328.25,-61.117
9.6383,107.92,-135.4
65.769,176.8,-93.895
98.678,338.67,-63.37
76.972,214.82,-107.28
62.083,167.52,-93.566
59.726,117.3,-117.43
102.69,353.91,-75.368
62.357,140.39,-126.43
52.462,343.54,-83.518
61.009,372.65,-51.581
42.668,223.69,-77.53
69.992,189.14,-118.75
60.503,155.99,-130.8
34.467,84.031,-153.97
5.0629,93.989,-129.42
36.656,94.373,-102.25
15.59,136.06,-131.3
0.16837,65.207,-130.04
68.207,395.72,-79.779
26.114,160.88,-133.41
33.63,244.01,-104.8
41.202,72.346,-152.03
35.843,137.87,-92.865
19.522,173.06,-108.78
78.566,395.44,-36.184
102.82,354.2,-63.618
39.721,178.12,-134.74
44.183,82.035,-109.3
85.55,258.05,-89.119
108.75,395.62,-70.407
2.504,76.588,-137.28
67.558,362.82,-46.234
52.658,76.389,-130.71
18.987,112,-144.92
52.243,311.08,-99.549
42.606,32.226,-149.16
73.253,365.06,-92.806
50.35,222.98,-125.59
46.704,204.35,-129.53
40.565,64.313,-153.03
68.561,188.31,-121.09
8.7555,72.199,-114.16
39.054,274.99,-82.18
108.31,387.8,-69.709
97.495,365.28,-48.269
63.288,323.55,-101.94
64.31,359.67,-48.769
85.872,400.4,-85.024
49.71,280.07,-109.13
27.556,138.53,-95.398
26.9,76.779,-105.35
38.72,133.98,-93.445
23.796,197.25,-108.18
14.098,62.009,-157.36
82.585,243.6,-90.035
66.379,242.08,-71.766
67.113,401.16,-43.709
75.009,203.84,-109.49
62.065,143.58,-127.71
82.983,387.22,-88.177
-1.7705,52.163,-130.63
52.546,325.98,-93.409
63.15,392.19,-75.199
87.578,318.59,-58.292
21.443,49.029,-161.91
90.657,287.78,-89.742
38.037,137.44,-143.8
78.943,301.32,-105.52
80.265,381.22,-38.519
95.662,314.21,-82.994
52.951,251.49,-119.01
17.837,99.141,-148.32
104.16,375.41,-76.904
26.759,66.708,-158.29
94.587,400.11,-34.696
57.304,358.52,-83.932
61.529,158.85,-96.493
53.238,245.03,-70.398
-37.276,225.39,-51.603
-31.527,334.91,8.3496
-52.759,281.17,-3.3084
-41.055,251.02,-13.189
-89.762,179.97,-64.327
-94.972,40.966,-104.55
-48.914,228.7,-62.863
-10.767,347.71,-13.208
-50.182,216.7,-19.086
-73.374,265.8,-46.968
-108.09,89.839,-61.135
-63.065,67.417,-76.418
-104.88,116.32,-62.519
-71.376,262.7,-50.795
-54.3,382.55,-11.315
-35.291,321.69,-44.074
-90.4,183.32,-39.367
-32.953,277.39,-9.6955
-67.473,44.501,-83.468
-40.871,370.39,15.085
-92.837,76.469,-96.792
-105.8,41.802,-57.582
-79.023,59.922,-98.104
-27.69,261.46,-33.582
-22.344,294.14,-17.559
-105.54,112.29,-62.69
-109.33,59.36,-92.02
-110.49,77.216,-80.777
-92.249,163.64,-40.397
-53.576,387.2,-2.5302
-28.208,308.88,-41.823
-71.726,52.744,-92.942
-18.852,318.49,-8.6682
-8.4492,359.19,-10.557
-92.755,172.93,-62.511
-53.027,368.83,-24.179
-37.812,240.69,-19.756
-98.086,134.55,-47.472
-38.032,333.94,-42.272
-109.61,80.108,-81.222
-47.714,247.57,-11.252
-49.989,343.38,6.965
-46.308,159.92,-54.043
-89.025,89.928,-94.304
-22.145,341.05,5.9396
-86.411,217.24,-39.445
-34.085,233.8,-45.854
-52.917,336.6,-37.843
-0.73751,401.39,6.4197
-106.75,57.375,-57.244
-33.777,268.25,-12.559
-66.395,184.18,-74.812
-76.273,83.299,-46.329
-49.61,227.73,-16.123
-23.37,402.09,-26.587
-88.25,162.98,-35.546
-21.288,298.27,-29.819
-22.971,421.22,-22.365
-101.81,126.6,-54.254
-46.667,354.21,-35.375
-92.437,155.36,-40.273
-74.054,283.21,-24.991
-52.852,388.23,0.58574
-74.379,178.1,-75.654
-13.102,352.79,1.266
-43.527,322.5,-44.903
-72.429,144.15,-83.126
-76.231,43.019,-58.47
-71.65,271.21,-16.268
-16.575,334.65,-3.176
-39.917,296.81,-49.557
-48.536,212.65,-64.373
-45.942,289.54,-52.113
-50.217,308.18,-47.612
-70.337,291.93,-37.858
-61.458,194.13,-21.865
-59.877,99.417,-54.861
-36.647,220.58,-32.355
-52.007,194.15,-68.359
-55.222,262.07,-7.321
-1.3991,397.22,4.7377
-102.46,114.46,-53.103
-32.595,291.13,-4.8843
-12.105,379.98,-23.938
-65.726,222.17,-16.506
-67.52,307.25,-34.133
-24.074,378.79,18.716
-59.65,253.31,-59.84
-29.372,352.42,12.652
-91.085,150.69,-38.735
-80.512,148.29,-32.516
-34.259,287.11,-48.052
-70.616,56.798,-91.626
-84.38,215.75,-54.733
-27.852,296.89,-41.924
-30.694,246.69,-38.855
-62.183,167.17,-28.453
-68.812,284.28,-12.937
-40.742,258.73,-10.844
-81.292,242.12,-31.489
-85.401,69.626,-98.557
-33.79,364.56,15.82
-103.54,64.874,-54.102
-53.326,270.14,-56.506
-43.648,181.7,-57.007
-105.67,93.282,-56.463
-69.279,31.898,-75.908
-39.438,220.64,-26.734
-19.502,323.53,-31.791
-86.961,190.47,-63.45
-35.124,280.2,-7.0342
-29.49,412.49,25.805
-15.757,324.68,-22.249
-82.895,168.47,-75.209
-47.296,156.2,-58.338
-49.096,240.75,-12.693
-43.528,355.94,11.883
-72.404,71.296,-51.897
-89.251,50.102,-51.741
-83.56,138.82,-83.396
-57.85,305.04,-45.68
-112.46,68.652,-67.597
-21.517,409.93,-24.751
-66.381,238.25,-14.276
-41.028,366.96,14.523
-69.398,297.41,-15.367
-99.19,30.274,-56.334
-113.83,65.759,-75.958
-98.655,125.71,-77.073
-77.384,238.31,-54.383
-92.778,123.87,-83.453
-39.728,378.1,-30.791
-43.366,378.58,-28.946
-21.445,332.61,-34.562
-76.335,264.8,-24.27
-51.383,396.39,1.6022
-70.866,301.4,-25.713
-51.327,150.45,-68.229
-80.369,79.941,-46.07
-90.87,129.57,-39.821
-3.4651,385.89,1.0161
-33.331,230.99,-38.211
-110.67,67.449,-62.664
-106,109.29,-69.252
-116.04,36.979,-69.088
-82.386,35.67,-56.933
-91.605,96.78,-43.949
-34.148,283.55,-6.5086
-59.91,294.29,-4.2271
-40.791,227.04,-56.841
-47.119,419,-1.5049
-95.766,152.12,-68.492
-12.186,369.91,-24.057
-30.677,363.78,15.694
-78.707,80.902,-46.209
-27.908,295.06,-7.3271
-105.44,111.01,-70.466
-90.695,190.86,-55.233
-70.73,60.522,-91.758
-85.298,198.37,-32.101
-102.1,55.293,-54.015
-56.223,149.23,-74.641
-22.66,302.67,-34.801
-4.7826,393.23,10.355
-4.9424,379.4,-10.751
-42.222,353.67,-37.132
-102.5,60.228,-53.76
-8.5092,364.41,-1.1676
-7.4012,323.82,-34.694
-36.983,200.5,-46.746
-101.87,80.815,-82.637
-60.798,287.88,-31.774
-27.643,231.54,-45.484
-68.397,256.9,-41.505
-52.691,100.95,-70.643
-40.636,290.08,-19.444
-70.572,151.26,-49.929
-62.655,276.93,-63.522
-60.889,208.02,-38.111
-54.501,111.59,-63.999
-31.694,251.72,-32.104
-87.854,73.392,-115.02
-46.824,197.95,-88.008
-50.959,342.38,-20.923
-43.844,207.85,-85.341
3.4517,413.96,2.0295
-61.207,286.51,-32.296
-70.999,127.8,-54.167
-30.016,347.6,-57.662
-46.4,126.47,-68.442
-57.072,196.18,-39.642
-89.079,151.76,-83.466
-9.862,406.39,-43.086
-27.437,404.72,3.7487
-64.066,108.14,-59.396
-42.016,145.6,-83.14
-63.662,48.988,-78.814
-47.867,159.97,-52.098
-68.659,90.451,-62.641
-86.644,133.89,-61.432
-68.851,176.12,-93.85
-4.5336,350.2,-41.396
-31.474,254.7,-31.226
-39.095,196.65,-82.702
-36.178,289.31,-70.331
-79.873,56.969,-119.55
-64.675,100.63,-61.217
-96.569,95.862,-73.575
-8.1466,330.07,-45.034
-93.497,63.283,-115.34
-33.367,290.9,-19.631
-93.133,117.03,-95.497
-75.225,101.59,-110.57
-107.35,55.249,-93.532
-45.714,360.75,-14.372
-0.5023,360.45,-23.009
2.9007,382.19,-14.404
-80.597,205.28,-66.069
-14.21,316.6,-22.392
-52.098,150.56,-96.197
-91.465,122.65,-67.457
-94.941,125.51,-83.731
-70.556,68.89,-67.663
-34.302,269.93,-25.085
-71.356,174.59,-93.362
-68.837,121.73,-106.26
-88.61,120.08,-99.893
-21.648,425.63,-38.382
-20.565,343.73,-8.3432
-87.075,168.2,-76.067
-35.552,174.24,-70.643
-54.293,340.29,-40.962
-69.433,61.165,-115.62
-82.81,82.285,-114.12
-82.123,197.24,-65.257
-62.021,178.9,-43.439
4.9188,399.94,-6.8247
-93.689,96.762,-103.77
-44.947,190.92,-87.789
-86.825,147.04,-90.66
-69.913,176.17,-46.011
-2.7467,422.51,-37.884
-59.21,300.33,-30.323
-43.309,242.09,-80.215
-27.911,352.84,-56.481
-61.736,116.89,-57.838
-65.177,67.866,-70.683
-42.196,288.89,-70.765
-42.084,139.46,-80.127
-52.398,298.38,-64.676
-60.543,179.43,-43.205
-53.82,313.21,-57.741
-65.598,161.45,-47.172
-39.167,184.64,-50.924
-68.501,231.07,-76.508
-64.651,224.81,-37.62
-26.965,374.19,-51.407
-35.482,218.33,-78.449
-42.914,382.89,-11.873
-10.397,333.74,-19.045
-0.53859,360.54,-22.719
-62.867,299.12,-40.341
-65.044,221.1,-82.496
-51.045,91.394,-80.454
-53.209,249.2,-78.926
-35.754,194.26,-78.374
-89.135,153.93,-68.465
-37.97,301.49,-68.021
-42.618,150.61,-85.701
-50.336,290.79,-68.282
-89.601,148.78,-84.139
-80.694,174.11,-86.601
-27.754,298.38,-66.199
-89.635,101.36,-65.537
-106.67,56.649,-90.018
-10.938,306.78,-36.689
-37.687,421.55,-9.2614
-77.103,121.57,-105.74
0.070389,408.85,-37.42
-58.425,295.43,-60.359
-58.261,272.68,-29.128
2.7635,421.38,-34.412
-49.996,199.4,-39.521
-63.496,63.142,-111.1
-27.496,402,3.3733
-50.851,360.84,-32.197
-57.538,321.97,-31.319
-93.624,124.06,-90.459
-65.577,255.15,-36.967
-74.897,190.57,-47.978
-28.41,352.54,-56.551
-33.982,182.95,-65.084
-46.879,214.94,-36.284
-102.83,57.202,-80.726
-44.472,224.52,-34.402
-51.77,130.34,-59.501
-32.84,192.62,-59.093
1.0593,365.98,-25.176
-48.89,122.77,-93.765
-101.98,81,-83.105
-18.76,317.02,-17.91
-64.163,133.62,-53.007
-94.281,76.213,-70.908
-75.483,233.53,-59.032
-17.866,374.21,-50.883
-47.086,356.95,-45.543
-55.374,212.82,-87.197
10.255,413.44,-10.871
-82.127,52.759,-120.53
-91.041,133.16,-67.868
-85.968,35.239,-73.125
-60.336,240.91,-33.379
-35.796,391.25,-42.283
-101.78,46.096,-79.202
-20.009,274.32,-59.603
-12.276,393.11,-46.053
-63,259.68,-34.041
-63.559,88.38,-65.25
-68.796,70.614,-67.879
-53.18,173.4,-93.969
-98.379,101.32,-93.111
-3.8551,385.92,-2.9784
-71.784,80.064,-114.06
-29.465,222.78,-46.957
-8.2037,395.17,2.786
-83.783,75.025,-65.719
-46.917,166.64,-50.503
-68.573,120.99,-106.38
-68.054,260.9,-62.991
-14.878,344.76,-53.625
-59.119,116.33,-59.15
-68.648,267.97,-46.085
-84.427,93.923,-63.133
-93.872,45.714,-120.17
-61.974,164.06,-46.404
-12.848,399.28,-45.136
-3.5752,365.63,-67.977
15.353,402.35,-28.73
-10.575,313.37,-77.308
-65.05,79.136,-132.95
-12.783,394.28,-65.374
-57.395,203.7,-58.889
-75.252,66.614,-85.441
-57.648,252.66,-88.863
-44.549,186.13,-60.634
-62.12,223.25,-96.156
-26.02,197.25,-94.387
-80.76,151.57,-102.27
-21.548,205.81,-79.604
-69.541,85.907,-132.17
-22.549,270.25,-89.495
-63.832,139.12,-120.82
-53.819,199.06,-58.256
-82.003,61.062,-135.8
3.8441,339.11,-50.162
8.4903,366.01,-38.825
-57.112,101.18,-79.208
-34.408,354.91,-69.467
-59.567,227.24,-58.197
-85.872,120.07,-90.557
-27.414,414.98,-21.583
-40.389,184.89,-62.237
-96.712,67.155,-106.71
-36.211,138.02,-105.77
-69.214,132.23,-73.457
-37.581,175.19,-108.09
-8.6891,276.33,-69.172
-37.022,383.74,-50.743
-97.424,59.065,-120.38
-51.82,60.961,-125.31
-55.576,211.65,-104.24
-55.279,294.35,-58.009
-34.908,372.14,-61.709
-30.206,286.78,-38.483
-20.531,288.61,-86.304
-26.078,186.57,-91.921
-35.392,378.65,-30.903
-5.0381,299.24,-67.587
4.9055,415.97,-11.159
-35.256,165.96,-106.27
-28.081,405.64,-54.053
-61.28,110.42,-76.115
-35.418,130.85,-100.34
-12.843,328.6,-31.13
-30.275,417.57,-28.422
-18.996,245.17,-87.145
-8.646,392.07,-14.639
-67.479,231.98,-79.06
-36.191,376.18,-31.985
-21.153,416.28,-14.741
-79.487,158.19,-83.795
-55.75,50.531,-130.25
-42.34,163.5,-112.34
-1.1803,361.2,-26.703
-63.142,195.32,-105.38
-14.14,332.5,-29.464
-55.378,223.64,-55.492
-78.978,69.93,-85.884
-73.325,188.26,-96.524
-10.235,270.92,-72.922
-35.49,145.47,-81.364
-28.3,318.18,-82.667
-14.456,289.01,-81.957
-67.933,212.02,-93.59
-32.567,410.94,-35.579
-42.272,120.12,-114.34
-55.719,280.77,-54.774
-75.992,171.71,-78.407
-32.148,267.85,-42.742
-39.9,374.58,-43.294
-65.885,210.43,-65.248
-81.427,146.6,-103.94
-50.983,319.15,-59.639
-54.834,89.018,-127.38
-67.173,234.04,-75.51
-2.9218,351.68,-68.607
-27.49,182.81,-76.127
12.955,408.25,-50.724
-62.355,49.332,-135.88
-48.378,169.06,-114.07
-2.2086,378.98,-19.836
-33.219,292.01,-37.547
-24.393,407.29,-56.994
-30.954,298.05,-87.187
-27.3,369.68,-23.229
4.4803,342.81,-53.004
-87.375,116.75,-93.846
-24.219,191.26,-85.042
5.6009,353.97,-55.858
-27.43,231.44,-96.257
-26.014,181.49,-84.004
-38.225,133.3,-109.02
-0.21657,370.44,-65.205
-43.949,157.05,-113.96
-43.222,352.24,-42.482
-19.23,380.19,-18.323
-36.093,232.35,-50.816
-37.679,205.76,-104.95
-49.549,172.36,-113.74
-77.646,98.727,-127.2
-85.887,101.88,-88.615
-44.447,105.83,-86.784
-82.772,145.16,-89.851
-87.434,72.792,-90.663
-33.468,405.98,-40.943
-78.223,171.49,-93.987
-62.047,252.6,-63.23
-70.157,88.255,-131.66
-43.156,147.83,-72.121
-68.974,180.71,-68.924
1.9264,404.56,-13.499
7.2257,369.96,-56.12
-70.11,190.85,-100.6
-41.924,95.445,-98.801
-13.347,274.19,-80.567
3.7734,412.15,-58.46
-91.211,84.86,-95.905
-9.9137,371.29,-19.731
-48.287,92.76,-121.47
-86.493,122.99,-106.29
-50.488,321.35,-59.92
-63.606,48.858,-136.64
-34.942,377.56,-58.982
-60.246,236.15,-92.901
-63.841,217.48,-96.681
-70.541,80.315,-133.31
-40.176,204.87,-106.02
-71.465,80.071,-82.481
-46.49,282.47,-44.098
4.5852,404.34,-58.886
11.732,378.93,-39.21
-44.585,335.66,-66.546
-13.728,367.8,-20.212
-23.528,413.93,-55.065
-55.629,291.07,-70.715
-51.213,147.24,-68.917
-52.328,87.074,-86.011
-40.939,144.53,-74.944
-67.503,205.18,-67.245
-93.514,73.835,-120.87
-14.894,259.54,-81.752
-15.821,254.08,-57.92
-12.174,408.74,-11.435
-29.33,220.45,-98.507
-45.267,160.22,-114.26
-26.537,400.69,-57.83
-88.11,59.677,-91.996
-47.761,335.65,-52.984
-34.181,401.34,-34.859
2.0387,332,-48.314
-89.506,62.626,-130.94
-12.504,304.33,-79.466
-73.382,151.16,-113.04
-32.701,316.7,-82.409
3.0735,391.02,-18.599
-6.813,330.72,-73.107
-56.714,264.19,-84.879
-88.343,110.38,-110.27
-2.0137,391.93,-63.888
-84.737,80.671,-128.58
14.821,411.77,-21.395
-41.107,367.82,-43.39
-27.487,173.06,-87.308
-25.393,254.65,-48.364
